부여번호,기업명,대표자명,주소,담당자,담당자연락처
10104784,주식회사 동우텍,전광규,대전광역시 유성구 테크노4로 17 (관평동),김성준,042-934-9407
10236869,비스캣,고동욱,서울특별시 성동구 왕십리로 222 (사근동),최병훈,010-****-****
10237383,제이에스테크,김준성,광주광역시 광산구 진곡산단2번로 39-25 (오선동),김준성,010-****-****
10091244,부영엔지니어링엔지엠피,김기홍,경기도 안양시 동안구 학의로 282 (관양동) 715호,김기홍,031-450-0660
10106127,(주)이프,진영수,경상북도 포항시 남구 철강로 362 (호동),안영하,054-278-8448
10237615,올턴가연테크,임해진,전북특별자치도 전주시 덕진구 원반월길 42 (반월동),이창석,063-212-6306
10237624,미미젠,강다이안,경기도 안양시 동안구 시민대로327번길 11-41 (관양동),강다이안,010-****-****
10237233,주식회사 에이아이세스,서철욱,대전광역시 유성구 가정로 218 (가정동),김진홍,010-****-****
10109099,레피소드 주식회사,양주성,광주광역시 남구 대남대로 388 (월산동),윤대현,062-675-2314
10081293,(주)스마트비전텍,이규훈,서울특별시 금천구 서부샛길 648 (가산동) 1006호,정영실,02-868-3444
10103862,시제,신인준,인천광역시 연수구 인천타워대로54번길 15-3 (송도동),정소정,02-1644-4286
10237607,주식회사 에이투텍,김증섭,대구광역시 동구 동촌로 351 (용계동),이기태,053-384-3010
10091702,와이디엔에스,윤문환,경기도 성남시 수정구 금토로80번길 11 (금토동),백경묵,031-754-2500
10235274,앰플랩 주식회사,김진영,세종특별자치시 나성로 33-6 (나성동),김진영,010-****-****
10236348,와이어랩,이준희,부산광역시 남구 수영로 312 (대연동),이준희,010-****-****
10075711,(주)메가콤,"성미향,최재혁",대구광역시 동구 율암로 74 (율암동),신제유,053-381-9988
10002695,주식회사 넥솔시스템,조재식,서울 금천구 가산동 대륭테크노타운3차 703호,조용현,02-2104-7400
10076122,(주)엔정보기술,서용수,울산광역시 울주군 범서읍 대리로 89,손현동,010-****-****
10237574,주식회사 제이와이엔지니어링,전태호,경기도 평택시 진위면 진위2산단로 140,함승식,010-****-****
10236396,(주)엑소디엑스,이용현,경기도 안산시 상록구 버대길 130 (양상동),이용현,010-****-****
10237563,트롤스,성태석,경기도 용인시 기흥구 중부대로 184 (영덕동),이주영,031-281-6367
10237591,유이소프트 주식회사,김정권,대전광역시 서구 둔산로137번길 21 (둔산동),이경호,010-****-****
10079043,(주)리탈,저스틴크리스천리,인천광역시 연수구 인천타워대로25번길 10 (송도동),이종일,070-4900-9990
10072719,(주)대한엔지니어링,이래용,경기도 화성시 정남면 정남산단3길 5,김소희,031-457-0862
10237513,(주)보다솔루션,김웅경,충청남도 천안시 서북구 2공단5로 52 (차암동),김웅경,041-414-9144
10233042,(주)에스이테크,손명식,경기도 화성시 남양읍 현대기아로487번길 53-26,김용우,010-****-****
10233886,주식회사 모렌소프트,김민아,서울특별시 구로구 디지털로30길 31 (구로동),이길용,02-6326-4109
10231559,올아이티,현주열,경기도 부천시 원미구 송내대로265번길 85 (상동),현주열,02-1111-2222
10084930,주식회사위피엔피,정병완,대전광역시 유성구 복용동로 43 (복용동),민성희,042-256-5238
10236751,다우에스앤씨,이기성,서울특별시 금천구 가산디지털1로 137 (가산동),이기성,02-1588-6403
10069180,(주) 우진,이재상,경기도 화성시 동탄역로 24 (오산동),이준호,031-379-3272
10090394,엘에스아이티씨(주),조의제,서울특별시 용산구 한강대로 92 (한강로2가) LS용산타워 14층,박정희,02-2036-1366
10085000,(주)삼보플러스,"금창휘, 이휴정",서울특별시 마포구 토정로37길 41 (염리동),이휴정,02-719-8174
10094850,원프레딕트,윤병동,서울특별시 강남구 언주로125길 4 (논현동),이승현,02-884-1664
10237179,(주)레드소프트,조용현,서울특별시 구로구 디지털로26길 43 (구로동),오정훈,070-4158-5702
10237450,건영에이엑스,이성훈,대구광역시 달서구 성서공단로50길 21 (월암동),류민영,053-256-8686
10007584,소프트온넷(주),송동호,대전광역시 서구 대덕대로241번길 20 (둔산동),김여진,02-3484-0500
10237417,(주)엔사이트,구성영,울산광역시 남구 신여천로35번길 46 (여천동),이기욱,052-287-1505
10237496,Bueno MEDITECH,정종극,"경기도 성남시 분당구 정자일로 248 (정자동, 파크뷰)",이경민,031-719-1243
10237509,주식회사 슈파스,김용환,서울특별시 동대문구 회기로 117-3 (회기동),양진원,070-8888-2227
10083609,(주)스크린에이치디코리아,김유석,경기도 안양시 만안구 일직로 88 (석수동) 케이타워 본관 11층,윤원상,02-727-0810
10235167,주식회사 비엠씨,황선일,인천광역시 연수구 송도미래로 30 (송도동),이창근,032-837-5388
10230979,(주)코그콤,정치훈,서울특별시 송파구 송파대로 201 (문정동),이정호,010-****-****
10237250,(주)인스카이,백민우,대전광역시 유성구 반석동로40번길 40 (반석동),송병채,010-****-****
10237408,에이스웍스코리아,박승범,대구광역시 수성구 알파시티1로 160 (대흥동),박준영,053-719-3454
10237430,(주)코리아로지스,김영남,서울특별시 금천구 가산디지털1로 145 (가산동),한주형,02-2066-0001
10079159,주식회사에이테크,김정완,"울산광역시 중구 종가로 655(서동), 혁신센트럴시티 307호",최봉문,052-281-4780
10077424,디케이이노베이션,이명열,경기도 시흥시 시화벤처로315번길 12 (정왕동) 디케이이노베이션,이명열,031-499-9321
10105365,주식회사 윔,전우진,대구광역시 북구 대학로 80 (산격동),전우진,053-939-2434
10105896,데이터랩,장석진,경기도 수원시 영통구 광교산로 154-42 (이의동),이기운,031-249-1636
10237136,한국훼스토(주),LEKIC TOMAS,인천광역시 서구 원전로 68 (경서동),유도균,02-850-7423
10237372,주식회사 쎈비젼,신현승,경기도 성남시 중원구 둔촌대로 545 (상대원동),한제영,010-****-****
10237418,넥스트에이아이,박성영,전북특별자치도 익산시 황등면 황등로 89-9,박성영,010-****-****
10231435,주식회사 스마트뱅크,김기덕,부산광역시 연제구 연제로 24 (연산동),안명수,050-7871-3610
10237466,마티아스,임덕선,경기도 고양시 일산동구 중앙로 1036 (백석동),임덕선,010-****-****
10237161,주식회사 컨테인어스,이성진,부산광역시 중구 중앙대로81번길 2 (중앙동4가),이성진,051-710-0807
10237154,나무아이앤씨,김경식,서울특별시 서초구 바우뫼로 160 (양재동),김정열,02-3018-5114
10086987,주식회사 오승이에스,김원기,부산광역시 북구 효열로 111 (금곡동),이권재,051-342-0070
10237412,주식회사 오에스아이,안종호,대구광역시 달서구 성서공단로39길 27 (갈산동),박미진,053-721-7080
10104425,(주)비스텔리젼스,이한주,서울특별시 서초구 바우뫼로 128(양재동) 비스텔타워,정민조,02-597-0911
10079509,유징테크,이재목,경상북도 포항시 남구 효성로 70-22 (효자동),이승준,054-231-3500
10065093,(주)더블유비에스(WBS),배복환,"대구광역시 서구 와룡로66길 54 (중리동), 2층",황윤경,053-527-1915
10065423,엘도움,박민순,서울특별시 영등포구 영등포로18길 2 (양평동1가),박민순,02-2645-0915
10102037,아강테크(주),조성현,울산광역시 중구 종가로 15 (다운동),조미나,054-624-4705
10236459,주식회사 플러스에스제이,이석진,서울특별시 용산구 한남대로 27 (한남동),김민오,010-****-****
10237119,(주)인포트롤테크놀러지,김원호,서울특별시 양천구 목동서로 159-1 (목동),안성진,02-2061-7291
10237272,주식회사 알오지스틱스,최낙은,경상북도 경산시 대학로 280 (대동),이진용,010-****-****
10237370,(주)더아이엠씨,전채남,대구광역시 수성구 알파시티1로35길 17 (대흥동),윤지인,070-4904-8376
10063995,엘지씨엔에스,현신균,서울특별시 강서구 마곡중앙8로 71 (마곡동),양혜영,02-2099-0114
10079316,엠투아이코퍼레이션,강원희,경기도 안양시 동안구 시민대로327번길 11-35 (관양동) 엠투아이빌딩,이준상,031-465-3366
10236821,주식회사영앤썬인터내셔널,이영진,경기도 성남시 분당구 황새울로 234 (수내동),박으뜸,031-716-7994
10237101,(주)에이피에스티,이덕형,서울특별시 강서구 공항대로 209 (마곡동),강현실,02-3665-1992
10237190,주식회사 파워플러스이앤씨,김용준,서울특별시 금천구 가산디지털1로 219 (가산동),김현정,02-579-9657
10237265,(주)씨앤에스아이티엠,최혁,경기도 안양시 동안구 벌말로 123 (관양동),최혁,010-****-****
10237369,인투비글로벌,김민우,서울특별시 금천구 가산디지털1로 19 (가산동),김민우,02-6265-1707
10237029,(주)태영철강,조영균,경상남도 김해시 진례면 테크노밸리길 170-67,조영진,055-345-4676
10237121,(주)성보기술,김달우,충청북도 청주시 청원구 오창읍 양청4길 45,김세양,043-218-1015
10237106,에스지원,김성진,경기도 하남시 미사강변한강로 135 (망월동),김성진,02-6205-2020
10076344,(주)와이티,"김용태,홍윤택",대전광역시 유성구 학하서로121번길 55-13 (덕명동),한상이,042-861-3400
10231701,인아텍앤코포,신계철,인천광역시 남동구 남동서로 37 (고잔동),김진웅,032-819-8651
10233836,후니즈소프트,강성훈,경기도 고양시 일산동구 무궁화로 20-38 (장항동),김선철,031-871-7629
10235943,데버주식회사,임종건,서울특별시 성동구 성수일로 111 (성수동1가),임종현,02-3210-0144
10237194,더블유엠(주),김은진,경기도 화성시 마도면 청원산단1길 10-15,전장희,031-8055-0510
10103304,브이넷코리아(주),장성호,서울특별시 송파구 법원로 128 (문정동),장성호,02-400-8942
10102592,이에이트(주),김진현,서울특별시 송파구 올림픽로 300 (신천동),임동주,02-6410-2800
10237096,주식회사 소어텍,김세종,서울특별시 금천구 가산디지털1로 205-27 (가산동),김나영,070-4245-4285
10080845,(주)울트라이노베이션,표석봉,"충청남도 아산시 탕정면 선문로221번길 70, 412호(선문대학교, 산학협력관)",박계랑,041-424-7165
10076096,(주)한국바코드정보기술,최두석,부산광역시 중구 중앙대로 122 (중앙동4가)  206(성우빌딩 206호),윤정우,051-441-4131
10236997,주식회사 와이에스시스템,김영수,경기도 수원시 팔달구 경수대로 425 (인계동),김영수,031-221-9006
10085608,인티맥스 주식회사,곽철우,경기도 성남시 분당구 대왕판교로395번길 8 (백현동),김경환,010-****-****
10237203,주식회사 쿠치,이동훈,세종특별자치시 조치원읍 군청로 93,정은봉,010-****-****
10235299,다담시스템 주식회사,신동학,경상남도 함안군 칠서면 삼칠로 471-8,신동학,010-****-****
10237148,우짜,조영우,부산광역시 해운대구 센텀중앙로 78 (우동),조영우,010-****-****
10077228,도원정보,이재수,부산광역시 북구 의성로 118 (덕천동),이재용,051-337-8201
10077152,주인정보시스템,김근호,서울특별시 강남구 논현로102길 7 (역삼동) 주인빌딩,김대연,02-2054-0042
10078130,(주)스페이스솔루션,송구용,경기도 오산시 수목원로 606 (세교동) 오산씨엘타워 312~314호,고석주,031-458-7783
10076180,(주)부뜰정보시스템,이성중,서울특별시 영등포구 영등포로 144 (당산동1가),이영한,02-6119-6442
10081365,주식회사 뎁스 ,황욱철,경상남도 창원시 의창구 차룡로48번길 52 (팔용동),황욱철,055-714-8279
10078328,(주)포커스윈,박희찬,경상남도 창원시 마산회원구 내서읍 광려천남로 59,박희찬,055-224-6633
10081488,닮은꼴소프트,조원중,경기도 부천시 원미구 상일로 120 (상동),조원중,032-261-3009
10094985,주식회사 인텔렉투스,"김승욱, 고선규",서울특별시 강남구 영동대로85길 13 (대치동),고선규,031-883-7648
10103775,(주)랩큐,김한수,서울특별시 영등포구 양평로21길 26(양평동5가) 23층 2301호,김한수,02-6953-8053
10236553,주식회사 에스브이티,김태훈,경기도 수원시 영통구 광교산로 154-42 (이의동),김태훈,010-****-****
10232547,앤드스퀘어 주식회,최호열,경기도 화성시 동탄대로 677-5 (영천동),한성환,010-****-****
10237066,보성오토메이션(주),김성복,부산광역시 금정구 개좌로 273-20 (회동동),김성복,051-668-5192
10232802,(주)라이브워크,엄봉식,경상남도 진주시 동부로169번길 12 (충무공동),임민지,070-4440-8250
10236885,주식회사 에스엔티코리아,이태웅,충청북도 청주시 청원구 오창읍 양청송대길 10,홍성환,043-903-3900
10108624,(주)지이엔아이,목대균,경기도 안산시 단원구 엠티브이12로22번길 9,목대균,070-7702-9010
10082224,유디에스,함정우,경기도 성남시 수정구 금토로 75 (금토동),조대승,031-759-9738
10104004,주식회사 우성기계,이창우,경기도 파주시 월롱면 홀작로 70-113,이창우,031-947-6856
10108109,주식회사 시우이엔티,강무성,부산광역시 부산진구 중앙대로 922 (양정동),강무성,051-783-0824
10001952,(주)명산,김판권,경북 영천시 임고면 수평길 108,박상민,054-331-4700
10231998,어바스(URBAS),우정석,서울특별시 영등포구 선유로3길 10 (문래동5가),황현정,070-4300-3546
10237045,엠티에스 주식회사,김중언,전라남도 영암군 삼호읍 나불로 163,노윤아,070-4848-1241
10237053,(주)에스에치테크놀로지,한상진,경기도 안양시 만안구 안양로 111 (안양동),한상진,032-204-0808
10237077,하이퍼비주얼에이아이,정삼윤,경기도 용인시 기흥구 흥덕2로 15 (영덕동),정삼윤,010-****-****
10090574,주식회사 브릴스(BRILS Corp.),전진,인천광역시 연수구 갯벌로 94 (송도동),정다희,032-721-4760
10090280,(주)한국인프라,김기영,서울특별시 강남구 삼성로 150 (대치동) 극동교회B/D 3층 (주)한국인프라,김민주,055-262-8086
10235913,주식회사 서로,하지훈,인천광역시 연수구 송도미래로11번길 27 (송도동),하지훈,032-721-7118
10236011,(주)하이팩테크,하헌준,인천광역시 서구 청라커낼로 280 (청라동),하헌준,010-****-****
10237003,포스랩 주식회사,권창현,대전광역시 유성구 테크노9로 35 (탑립동),권창현,042-721-5678
10090990,(주)이룸디엔티,정윤규,경기도 군포시 고산로126번길 25 (당정동),백한나,070-4632-0811
10093258,(주)세안정기,장길화,경상북도 경산시 압량읍 일연로115길 25-30 세안정기,신종국,053-581-5188
10108980,(주)지존소프트,황태연,세종특별자치시 연서면 와룡로 415,황태연,031-811-5736
10236331,주식회사 블루웍스,송혜자,경기도 성남시 분당구 판교역로 225-15 (삼평동),정우승,02-3461-5100
10237000,주식회사 유니티컬,김동연,울산광역시 중구 종가로 406-21 (복산동),정세웅,010-****-****
10237022,에이디치히얌,강주원,서울특별시 마포구 마포대로 12 (마포동),강주원,010-****-****
10236929,에스에치테크놀로지,한상진,경기도 안양시 만안구 안양로 111 (안양동),한상진,032-204-0808
10079313,유스엠(주),박종화,"서울특별시 금천구 벚꽃로 298, 408호 (가산동,대륭포스트타워6차)",박종호,02-861-3724
10095055,(주)이앤비솔루션,김선빈,"경기도 용인시 기흥구 서천로201번길 14, 514-515호 (농서동)",김선빈,031-202-1513
10234843,아이오티플러스,박영철,전라남도 나주시 교육길 13 (빛가람동),한형률,061-337-9080
10094204,(주)베스테크,원기정,경기도 화성시 동탄산단5길 10-19 (방교동),모문화,031-352-5539
10099732,주식회사 헥사아이,박주혁,서울특별시 강남구 선릉로125길 5 (논현동),박주혁,02-400-8508
10236819,주식회사 딥비전,김태훈,대구광역시 동구 신암남로24길 107 (신암동),정관우,053-955-9282
10234218,(주)헤드아이티,김재환,전북특별자치도 전주시 완산구 홍산남로 19 (효자동2가),민병준,063-243-8972
10235827,라씨(LASEE),석수민,경상북도 구미시 대학로 61 (양호동),이원석,054-472-8279
10236420,(주)글로브포인트,조상용,경기도 고양시 덕양구 삼원로 83 (원흥동),오문지,031-911-0601
10236618,주식회사 브이더블유원,이상훈,강원특별자치도 춘천시 춘천로 188 (효자동),장경원,010-****-****
10236491,(주)쓰리디바이오캐드아시아,정희진,서울특별시 송파구 중대로 132 (가락동),정희진,070-4289-4333
10236941,다온플레이스 주식회사,박주현,전라남도 나주시 우정로 56 (빛가람동),김세인,061-820-8070
10231385,조이랩,조이랩,경상북도 경산시 삼풍로 27 (삼풍동),권영건,010-****-****
10236571,퓨처워크랩 주식회사,박은규,서울특별시 강남구 강남대로112길 47 (논현동),박은규,02-832-9071
10104930,폴라리스쓰리디,곽인범,경상북도 포항시 남구 시청로 18 (대잠동),구보경,054-275-0223
10236977,테크 로보틱스 에어리어,김학민,경상북도 구미시 대학로 61 (양호동),김학민,070-8802-8333
10064967,(주)남영기계,백남헌,경기도 시흥시 공단1대로196번길 141 (정왕동),이복순,031-488-9966
10076408,주식회사 매일정보기술,서병훈,서울특별시 금천구 디지털로 121 (가산동) 에이스가산타워 1403호,박준욱,02-3016-2476
10089947,(주)림시스템,임수현,경기도 화성시 팔탄면 서해로1313번길 56-22 1동,손동천,031-351-1427
10094941,주식회사 뉴로센스,최윤희,"경기도 광명시 소하로 190(소하동) 광명G타워 A동 10층 13,14,15호",안유진,02-6275-6700
10236860,주식회사 유에듀케이션,정원석,경기도 수원시 권선구 세권로 219 (권선동),한세빈,010-****-****
10231585,제이에스테크,엄진섭,광주광역시 북구 첨단연신로398번길 10 (연제동),엄기원,010-****-****
10231611,(주)에디넷,이병걸,부산광역시 동구 중앙대로308번길 3-6 (초량동),이남희,051-442-2415
10233722,(주)에이치원엘레멘트,최현숙,서울특별시 관악구 호암로 600 (신림동),최우열,010-****-****
10236944,디토주식회사,오경원,충청남도 천안시 서북구 백석공단1로 10 (백석동),윤지숙,041-906-5100
10071609,주식회사 마루온,한연수,충청북도 청주시 청원구 오창읍 두릉유리로 1247,이하림,070-8670-4351
10004195,(주)이파피루스,김정희,"경기도 성남시 분당구 판교역로 230 (삼평동) B동 408호(삼평동,삼환하이펙스)",홍가영,02-2023-1749
10093075,주식회사 리스너,"최성천, 김원",서울특별시 강남구 선릉로93길 27 (역삼동) 9층,박주은,02-568-2612
10075639,(주)무한콘트롤,박영준,경기도 성남시 중원구 둔촌대로 560 (상대원동),권종웅,031-737-8160
10078610,(주)하이컴텍,강구만,서울특별시 금천구 가산디지털1로 145 (가산동) 에이스하이엔드3차 1802호,박철,15668591
10076754,주식회사 티비씨,이기형,"충청북도 청주시 흥덕구 강내면 월곡길 38 충청대학교 1층 115호(제1생활관, i동)",이기형,043-230-2616
10236902,팸테크,이종준,부산광역시 기장군 기장읍 청강로 52,이종준,070-7537-2455
10104664,주식회사 미플랫,최민기,울산광역시 중구 동천1길 40 (서동),최민기,010-****-****
10221388,플래닝고,신진욱,서울특별시 관악구 낙성대로 2 (봉천동),최민혁,02-6949-5511
10077838,주식회사 케이이노텍,이근영,서울특별시 강남구 테헤란로84길 14 (대치동) 지어로빌딩 6층,조상범,02-585-1295
10090798,(주)에코시안,문성철,서울특별시 금천구 디지털로9길 65 (가산동) 백상스타타워 1차 8F,하태수,02-2621-9800
10236865,유토피아ENT,김지훈,서울특별시 영등포구 버드나루로 119 (당산동),김지훈,010-****-****
10233995,주식회사 엠에이아이오티,김환석,경기도 성남시 분당구 돌마로 86 (구미동),김탁규,010-****-****
10233099,(주)이트랜씨엔씨,정병주,광주광역시 동구 서남로 14 (서석동),정병주,010-****-****
10082948,주식회사 대단,강건욱,"경기도 안산시 단원구 산단로 325, 11층 F-1125호(신길동, 안산스마트스퀘어1400)",김정상,031-419-5316
10084699,주식회사 더모모스,정세민,경상남도 밀양시 하남읍 양동농공단지길 10,정세민,070-4848-0457
10085290,(주)모람씨앤티,구준서,서울특별시 광진구 아차산로73길 28 (광장동) 대광빌딩 3층,김선우,02-478-2662
10236260,데이터플라이 주식회사,한상렬,경기도 고양시 일산동구 동국로 32 (식사동),한상렬,010-****-****
10236706,(주)이에스엠,강용림,서울특별시 구로구 디지털로27길 36 (구로동),강용림,02-837-6687
10232340,(주)옴니솔루션,박지훈,충청북도 청주시 청원구 오창읍 연구단지로 40,박지훈,010-****-****
10236691,(주) 유티아이,이경환,경상북도 구미시 산동읍 첨단기업4로 49-45,강병한,054-472-8090
10077916,(주)디에스텍,박천덕,"경상북도 포항시 남구 연일읍 연일로145번길 72, 4층",최홍규,054-272-7433
10082423,(주)엔이에스,박진수,충청북도 청주시 청원구 상당로 314 (내덕동),박진수,070-7579-4323
10235605,블루밍하트,윤광범,광주광역시 서구 경열로 18 (농성동),윤광범,010-****-****
10236546,(주)비바소프트,김순기,서울특별시 마포구 양화로 161 (동교동),김순기,010-****-****
10236803,(주) 골든플래닛,김동성,서울특별시 강남구 언주로 535 (역삼동),채정민,02-597-1811
10236840,신성,강민서,충청남도 천안시 서북구 성환읍 성환1로 167,강민서,070-4509-1472
10236854,주식회사 전성,김준홍,"대구광역시 남구 봉덕로 134 (봉덕동, 강변 코오롱 하늘채)",김성민,010-****-****
10065699,포인트,오재영,경상남도 창원시 성산구 완암로 50 (성산동) 메카동 308호,서세훈,055-297-9370
10074763,건솔루션(주),김삼성,"경기도 안양시 만안구 일직로94번길 28, 6층 (석수동, (주)프로텍이노션 알앤디센터)",임지혜,070-4472-4926
10101905,(주)카이디어,차기룡,"경상북도 구미시 구미대로 350-27(신평동), 경북산학융합본부 407호",차기룡,070-8256-9334
10236422,나우테스테크놀러지,임중권,경기도 안양시 동안구 학의로 282 (관양동),김태용,031-463-4201
10236510,(주)한성리프트,박광자,"부산광역시 사상구 주례로 12 (주례동, 광영빌딩)",김선중,051-971-3856
10235435,대광F.A,박정호,부산광역시 강서구 낙동북로43번길 7 (강동동),서민정,010-****-****
10236820,평행공간,이지은,서울특별시 서초구 매헌로 16 (양재동),김학래,02-6101-0909
10064667,디지탈센스,최주호,서울특별시 금천구 벚꽃로 254 (가산동),최주호,02-3473-7760
10106199,엔아이디소프트,최동준,서울특별시 금천구 가산디지털2로 144 (가산동),최동준,02-6015-5541
10001855,(주)이랜서,박우진,서울특별시 강남구 테헤란로 410 (대치동),김신표,02-545-0042
10236793,주식회사 지구자동화,임호동,경기도 화성시 팔탄면 하저자안로 169-44,임호성 책임,031-357-6034
10234281,주식회사 텔롬엑스,강종규,대전광역시 동구 산내로 431-16 (하소동),강종규,010-****-****
10231633,(주)토인,박호복,경기도 시흥시 시화벤처로 152 (정왕동),윤진현,031-434-2030
10081796,제이픽스,조성우,대구광역시 동구 팔공로 149 (불로동),조성우,053-267-1000
10004929,알서포트 주식회사,서형수,서울특별시 강동구 고덕비즈밸리로2가길 12 (고덕동),조지현,070-7011-0576
10070995,(주)티에스씨테크놀러지,고경민,경기도 안산시 단원구 산단로 232 (원시동),고경왕,031-475-9008
10236775,주식회사 뉴소프트랩,강민기,서울특별시 금천구 가산디지털2로 144 (가산동),송지영,010-****-****
10236698,주식회사 에임스,"정상내,김건홍",경상남도 창원시 성산구 웅남로 316 (웅남동),정필제,055-724-0788
10084660,(주)에이치시티,허봉재,경기도 이천시 마장면 서이천로578번길 74,김진호,031-757-5700
10236399,아르고마린토탈(주),이권익,전라남도 광양시 제철로 1655-426 (금호동),이주완,061-791-3399
10109176,주)원데이원커뮤니케이션,김창희,서울특별시 성동구 성수일로 99 (성수동1가),선세리,070-4143-0617
10094969,푸른들소프트,전재홍,대구광역시 남구 현충로 57 (대명동),전재홍,053-622-7747
10230969,스마터빌드(주),정대환,경기도 수원시 영통구 신원로 55 (신동),채석우,031-548-2519
10235707,주식회사엔스퀘어,탁승민,경상남도 진주시 진주대로 501 (가좌동),김형경,055-920-3255
10236529,(주)파모즈,원정환,서울특별시 마포구 토정로 121-1 (상수동),현정미,02-332-8148
10236716,주식회사 헬로프렌즈,강동신,서울특별시 도봉구 우이천로 381 (쌍문동),강동신,010-****-****
10230598,비컴유니버스(주),황영주,서울특별시 강남구 도곡로2길 9 (도곡동),박종근,010-****-****
10235081,(주)제이앤씨시스템즈,홍찬호,서울특별시 금천구 가산디지털1로 100 (가산동),홍찬호,02-6203-1090
10082145,에이원,신동렬,대구광역시 수성구 알파시티1로42길 11 (대흥동),신동렬,053-586-5837
10074875,(주)에스씨티,서창성,부산광역시 해운대구 센텀북대로 60 (재송동),서창성,070-7844-5733
10236436,주식회사 위솔루션,도병국,부산광역시 남구 수영로 309 (대연동),김채영,051-611-3757
10236295,지메이커 주식회사,김한상,서울특별시 금천구 벚꽃로 254 (가산동),김한상,02-2671-7507
10232573,주식회사 알엔티,김영진,경상남도 김해시 한림면 김해대로916번길 104-22,김영진,055-344-0068
10236748,주식회사 오르스마트테크,최미희,경기도 시흥시 서울대학로 59-21 (배곧동),박성원,010-****-****
10236524,(주)트로닉스,박병덕,광주광역시 북구 첨단벤처로 124 (월출동),정원준,062-525-0801
10236535,에픽모바일,김선호,전북특별자치도 전주시 덕진구 백제대로 605 (금암동),김선호,070-7913-7585
10107508,인그래디언트 주식회사,이준호,서울특별시 강남구 강남대로 364 (역삼동),김주성,02-6959-0503
10236620,암스트롱 로보틱스,라두련,경기도 화성시 향남읍 동오3길 40,라두련,010-****-****
10236678,론시스,천성민,경상남도 김해시 주촌면 소망길 88,천성민,055-902-2362
10087177,(주)케이메카트로닉스,김미례,경기도 화성시 정남면 문학로 22-17,박병길,031-366-3671
10236684,주식회사 국민기계,안성한,경상북도 포항시 남구 연일읍 형산강남로418번길 66-1,김봉석,054-275-0433
10004744,(주)신도기연,박웅기,경기도 시흥시 마유로238번길 21 (정왕동),현근종,031-434-5088
10075884,파멕스,박용진,경상남도 양산시 웅비공단길 118 (용당동) 주식회사 파멕스,전병민,010-****-****
10236726,주식회사네오닉스,최종만,경기도 시흥시 공단1대로 13 (정왕동),최종만,031-520-5041
10236746,(주)청풍산기,이배규,대구광역시 달서구 성서로5길 43 (대천동),이동노,053-583-7753
10105116,(주)용선에이엠티,박중호,경기도 화성시 서신면 제부로654번길 123,최호철,010-****-****
10236747,경은테크,강경모,경상남도 창원시 의창구 차룡로 41 (팔용동),장창민,055-298-7127
10236731,엠에스 주식회사,김상정,대구광역시 달서구 달서대로91길 35 (호림동),김상정,053-588-4569
10080549,위드테크,장영석,대구광역시 달서구 성서공단로39길27 1층 102호,장영석,053-523-6900
10081614,(주)다솔이엔지,홍신의,충청북도 청주시 흥덕구 강촌로194번길 15 (서촌동),박명종,070-4618-6821
10084555,모토텍(주),김태우,경상남도 김해시 진례면 진례로74번길 49,김태우,055-311-0106
10084014,주식회사 웨코,박하규,충청남도 아산시 음봉면 월산로 128-113,김영민,041-541-3221
10103817,(주)정인테크,김영환,경기도 안양시 동안구 엘에스로 92 (호계동),김영환,031-477-9818
10231598,(주)거화엔지니어링,이귀섭,경상남도 김해시 상동면 동북로473번길 126-128,송재천,055-329-0436
10004205,웰탑테크노스,박창림,충청남도 천안시 서북구 성거읍 봉주로 191,김영성,041-584-0431
10231648,에이스타테크,이은오,서울특별시 구로구 경인로53길 90 (구로동),강준호,010-****-****
10074070,(주)인스턴,국연호,대구광역시 달서구 성서공단로22길 12 (월암동),김수정,054-462-8441
10231288,오토파워,김경옥,경상남도 창원시 마산회원구 봉암공단10길 55 (봉암동),여학동,055-609-3506
10234188,주식회사 픽시스로보틱스,이철희,경기도 수원시 영통구 반달로7번길 30 (영통동),박상인,010-****-****
10231348,주식회사 에스케이이,정태열,경기도 광명시 금오로805번길 1-1 (옥길동),정태열,02-2060-0903
10230918,(주)하이네트서비스,박 은숙,서울특별시 강남구 강남대로42길 11 (도곡동),김명성,02-885-2300
10095152,(주)신진테크해양,김범준,경상남도 통영시 광도면 용호로 124,김희준,055-646-8230
10103818,주식회사 이에스티,김성일,경상남도 창원시 의창구 창원대로363번길 11(팔용동) 표준3공장 6동1호,김성일,821092102947
10086062,(주)휴먼텍,황교중,인천광역시 남동구 남동대로 298 (논현동),우진원,032-330-7201
10087770,(주)프랜즈시스템,송정호,인천광역시 부평구 백범로577번길 20 (십정동),송정호,070-8868-2826
10236223,(주)와이지소프트,양승보,대전광역시 서구 둔산중로72번길 32 (둔산동),양승보,042-472-0880
10236605,애그리펑션,박정호,"서울특별시 금천구 금하로 793 (시흥동, 벽산아파트)",손성환,010-****-****
10236495,씨케이홀딩스,최성호,경기도 화성시 향남읍 발안로 499-41,배용희,031-354-3684
10236682,주식회사 로보터블,최인현,경상남도 창원시 성산구 성산패총로38번길 10 (성산동),천경록,010-****-****
10236694,대진기공(주),김대광,경기도 화성시 팔탄면 온천로460번길 38,김대광,031-354-9804
10236586,평화기술주식회사,김성태,경상남도 창원시 성산구 성산패총로24번길 1 (성산동),홍희숙,010-****-****
10236717,대성기술텍(주) ,우정애,부산광역시 강서구 공항로 459-1 (대저2동),김문경,051-977-2827
10236072,주식회사 케이에스씨앤씨,박영석,서울특별시 종로구 인사동5길 25 (인사동),김효빈,02-3210-0797
10236677,부경테크,서대용,대구광역시 북구 팔달북로2길 27 (노원동3가),서대용,053-581-0662
10076246,(주)한테크,강지정,대전광역시 대덕구 신일서로18번길 2 (신일동),권미경,042-719-4910
10091273,하이젠알앤엠 주식회사,김재학,"경상남도 창원시 성산구 공단로473번길 57 (성산동, 하이젠모터(주))",손준기,070-7708-8036
10004356,주식회사 제팩,이준제,인천광역시 부평구 백범로603번길 9 (십정동),박영민,032-584-9701
10079776,(주)제이시스템,정재오,"경기도 안양시 동안구 엘에스로116번길 25-32 (호계동, 안양SKV1 Center) 510호",정재오,031-464-9584
10099059,주식회사 제이엘티,이재광,경기도 안산시 단원구 산단로 325 (신길동) 리드스마트스퀘어 422호,이재광,070-7813-7734
10104858,주식회사 위트소프트,이정오,울산광역시 남구 번영로124번길 21(달동) 2층 220호,안종민,070-4711-0312
10231608,주식회사 대도,심효섭,경기도 시흥시 공단1대로260번안길 27 (정왕동),심효섭,031-433-4031
10231674,쉐카이나 주식회사,김흥석,울산광역시 울주군 온산읍 처용산업1길 8,김성광,052-224-4700
10231316,신명로보텍(주),박준수,광주광역시 광산구 하남산단8번로 133 (안청동),박준수,062-955-9702
10103834,주식회사 트라이포드랩,이정윤,경기도 성남시 분당구 판교로289번길 20 (삼평동),이정윤,031-761-6101
10069789,베스트에프에이,김유찬,경상남도 창원시 성산구 연덕로15번길 48-19 (웅남동),김태영,055-286-6060
10236480,주식회사제닉스,김인찬,서울특별시 영등포구 영신로 166 (영등포동6가),윤용수,010-****-****
10236554,주식회사 알마,전광길,경기도 부천시 오정구 신흥로511번길 180 (오정동),전광길,010-****-****
10230947,(주)팔복인더스트리,김두용,전북특별자치도 전주시 덕진구 오공로 123 (만성동),서영수,063-225-8765
10236607,(주)원스 뉴트로닉,서영표,경상북도 성주군 선남면 선노로 23-12,서영표,010-****-****
10236644,(주)클라우드앤,김정석,서울특별시 금천구 범안로 1126 (가산동),박도현,02-2677-3170
10236658,팩트론,이병기,경기도 안산시 단원구 성곡로 176 (성곡동),김영대,031-433-0223
10236683,와이에스엠,김동호,경기도 시흥시 소망공원로 323 (정왕동),김동호,010-****-****
10236649,(주)피에프이엔지,라성훈,충청남도 천안시 서북구 직산읍 부송3길 55,라성훈,041-581-1505
10084252,에이시스테크놀로지,정재훈,대구광역시 달성군 구지면 국가산단대로49길 120,이한규,053-588-9147
10092847,주식회사 맥파이온,박천호,인천광역시 부평구 부평대로 283 (청천동) 에이동 302-에이호,김태훈,032-623-7830
10236579,주식회사 디에스엠,이명규,경기도 오산시 가장산업서북1로 16-4 (지곶동),이종수,031-366-0865
10236589,주식회사 한머시너리,한명옥,경기도 시흥시 엠티브이북로 21-16 (정왕동),임선주,031-499-8458
10221118,주식회사 다한에프에이,김승우,경기도 화성시 남양읍 주석로80번길 66-22,박정원,070-4278-4431
10236662,주식회사 프라우스,정윤복,경기도 부천시 소사구 부광로 220 (옥길동),정윤복,010-****-****
10098340,(주)빅데이터랩스,박정주,"충청북도 청주시 서원구 충대로 1(개신동, 충북대학교) E9동 543호",조완섭,043-261-3258
10084994,(주)솔루더스,고성훈,경기도 용인시 수지구 신수로 767 (동천동) 분당수지U-TOWER A동 520호,김응석,070-8633-6955
10006704,(주)진코퍼레이션,이창희,"서울특별시 금천구 가산디지털1로 88, 지하층 102호(가산동, 아이티프리미어타워)",김일중,02-850-0200
10236439,(주)하스오토메이션코리아,심보현,경기도 안양시 만안구 일직로94번길 28 (석수동),최승만,02-2165-2206
10076831,주식회사 엠케이에스,류헌위,경기도 부천시 산업로8번길 22-18 (오정동) 4층,류헌위,070-4273-4310
10080444,(주)홍성엔지니어링,이상우,대구광역시 동구 팔공로53길 118 (봉무동),이상무,053-357-2044
10003761,(주)제일플랜트,,경기도 화성시 마도면 청원산단8길 138,김등현,031-366-6713
10236500,주식회사 로앤에프,김종완,경기도 오산시 삼미로47번길 38 (내삼미동),최우영,010-****-****
10236577,주식회사 부명,김철훈,경기도 안양시 만안구 덕천로152번길 25 (안양동),김철훈,031-395-5227
10236608,가온이엔에스 주식회사,정진홍,부산광역시 강서구 미음산단5로41번길 77 (미음동),문정현,051-832-0105
10078144,(주)오토콘시스템,박장철,경기도 용인시 기흥구 동백중앙로16번길 16-4 (중동) 에이스 동백타워 1동 1501~5호,이철화,070-4849-2082
10093777,(주)로거테크,양동육,경기도 성남시 중원구 사기막골로 177 (상대원동),임호,031-777-5885
10236625,주식회사 델타봇,박현식,경기도 부천시 소사구 양지로 229 (옥길동),박현식,070-8708-8108
10108462,(주)쿠퍼시스템,박민재,경기도 시흥시 군자천로185번길 25(정왕동),박민재,031-479-0934
10236637,주식회사 포에스텍,윤철,경기도 부천시 오정구 석천로 397 (삼정동),박기영,032-715-4881
10236636,주식회사 스티그마,백진주,경상북도 경산시 대학로 280 (대동),백진주,053-817-7441
10088704,태종테크,신성오,경상남도 창원시 의창구 사화로 222-17 (팔용동) 태종테크,신성오,055-253-2541
10220994,(주)디엑스알,김은호,경기도 성남시 수정구 창업로40번길 20 (시흥동),윤재성,02-2009-2011
10232589,(주)트리톤넷,강성용,경기도 성남시 중원구 사기막골로 124 (상대원동),강성용,031-776-3400
10236050,한국인닥타썸(주),유재섭,경상북도 고령군 다산면 다산산단로 188,고성철,010-****-****
10236152,(주)영신,고현경,경기도 용인시 기흥구 용구대로2211번길 6 (신갈동),고진영,070-4123-2235
10236261,(주)아이디벨,진경수,경기도 하남시 미사강변한강로 135 (망월동),진경수,031-5175-0144
10235975,주식회사 지브이랩,이민형,서울특별시 금천구 가산디지털1로 171 (가산동),이민구,02-6224-2465
10236515,주식회사 레졸루션,김혁,서울특별시 서초구 매헌로 16 (양재동),김혁,010-****-****
10231417,한국공기(주),김상규,경기도 시흥시 서해안로 81-44 (정왕동),김진형,010-****-****
10236574,대림테크,김보석,경상남도 김해시 진례면 서부로 913,고연자,055-345-1387
10236622,주식회사 비전에셀,정식원,경기도 화성시 동탄지성로306번길 52 (반월동),김현정,070-8676-0047
10080338,(주)엘디티,정재천,충청남도 천안시 서북구 한들1로 126-33 (백석동) WE빌딩,강성기,041-520-7313
10108186,주식회사 비알지,최동호,경상북도 구미시 1공단로 144 (공단동),최동호,054-462-1201
10231286,(주)인왕글로벌,김영현,경기도 시흥시 산기대학로 115 (정왕동),김근수,031-432-5763
10083114,(주)은일,권태현,대구광역시 달서구 성서로68길 25 (갈산동),박성욱,053-591-8488
10235549,이에프소프트 주식회사,최재범,경기도 용인시 수지구 광교중앙로 338 (상현동),최재범,031-214-8388
10236119,(주)원더솔루션즈,장원호,경상남도 창원시 성산구 중앙대로 37 (중앙동),장원호,010-****-****
10097991,자강정밀주식회사,최영근,인천광역시 남동구 앵고개로490번길 101 (고잔동) 가동 1층,김민우,032-203-0022
10100369,(주)레인보우로보틱스,이정호,대전광역시 유성구 엑스포로339번길 10-19 (문지동),김현빈,042-719-8051
10102066,쓰리피로봇주식회사,한재경,대구광역시 북구 검단로27길 70-14(검단동),손용희,053-210-0010
10084744,(주)국제산업전자,여상대,부산광역시 사상구 감전천로 240 (감전동),여상대,051-327-8530
10071603,(주)펀진,김득화,서울특별시 성동구 연무장5가길 7 (성수동2가),양원호,010-****-****
10234021,주식회사 제이에이치솔루션,이정훈,서울특별시 금천구 가산디지털2로 135 (가산동),박미령,02-6404-1607
10108056,(주)세드나,안지환,대전광역시 유성구 유성대로1205번길 10 (자운동),안지환,042-825-2855
10233370,주식회사 에이아이스마트,이형철,서울특별시 금천구 시흥대로 97 (시흥동),이형철,010-****-****
10098077,(주)상림엠에스피,조동주,경상남도 창원시 성산구 성산패총로 32 (성산동),김새봄,055-287-1534
10236537,주식회사 더블릭컴퍼니,문 현,인천광역시 서구 백범로910번길 16-13 (가좌동),문 현,032-819-1908
10236521,이승석목갤러리 주식회사,이승석,경기도 용인시 처인구 포곡읍 백령로 178,김두수,031-339-2033
10236581,웹제작소,김창규,부산광역시 부산진구 부전로96번길 7 (부전동),김창규,051-741-5730
10236376,(주)상아매니지먼트컨설팅,김유길,서울특별시 강남구 테헤란로8길 41 (역삼동),김정환,010-****-****
10234859,스페이스플래닝 주식회사,정현우,광주광역시 동구 금남로 193-12 (금남로4가),정현우,062-225-2224
10093508,(주)심시스글로벌,김윤제,서울특별시 서초구 동산로 23 (양재동),김수현,02-6953-9251
10005404,한양로보틱스(주),강종원,충청남도 홍성군 홍북읍 첨단산단5길 175,신영철,010-****-****
10105582,다겸 주식회사,서원겸,서울특별시 금천구 가산디지털1로 146 (가산동),서원겸,02-857-5510
10099076,비전세미콘,윤통섭,대전광역시 유성구 테크노2로 265 (탑립동),홍근배,044-864-8888
10076977,(주)네모아이씨지,류연호,경기도 성남시 분당구 장미로 42 (야탑동) 야탑리더스빌딩 409호,박민균,031-781-7060
10231285,파코시스,남상문,서울특별시 금천구 가산디지털2로 184 (가산동),김영우,02-838-4038
10236345,주식회사 링크21,박은경,광주광역시 북구 용봉로 77 (용봉동),김동엽,062-513-1060
10092559,(주)윈텍오토메이션,송일재,경기도 수원시 영통구 영통로200번길 71 (영통동),송인성,010-****-****
10236512,주식회사 일만,박현정,충청남도 천안시 서북구 직산읍 직산로 181-28,윤전만,041-414-1020
10236562,아일리스프런티어주식회사,김성환,서울특별시 종로구 종로1길 50 (중학동),장준,070-4530-5786
10079372,주식회사 엔틀,신중현,대구광역시 수성구 알파시티1로42길 11 (대흥동),박관,070-4699-6677
10084572,오경정보시스템,이원진,광주광역시 북구 본촌택지로29번길 3-1 (본촌동) 2층,이원진,062-972-6400
10235870,(주)효원테크,김민성,경기도 시흥시 마유로20번길 2 (정왕동),이홍표,031-503-8910
10236360,핵클 주식회사,선우창학,서울특별시 강남구 논현로75길 8 (역삼동),김종민,070-8018-2806
10236461,인파이니,양준우,강원특별자치도 원주시 치악로 1555 (관설동),양준우,010-****-****
10236525,MECHASIGN,윤남일,광주광역시 북구 첨단과기로 333 (대촌동),윤남일,062-956-3455
10236541,(주)디아이솔루션,남태우,부산광역시 동래구 온천장로 109 (온천동),김진주,051-717-2503
10236536,엔티에스소프트 주식회사,정대순,서울특별시 영등포구 양평로 157 (양평동5가),정대순,070-4134-3393
10235925,(주)씨드시스템,손석길,부산광역시 해운대구 센텀동로 71 (우동),손석길,051-553-1545
10236143,똑똑한개발자,서장원,서울특별시 마포구 동교로12안길 39 (서교동),서장원,02-336-6777
10236381,주식회사 비스텍,이용원,경기도 화성시 동탄첨단산업1로 27 (영천동),이민지,010-****-****
10236410,주식회사 에스비엠,김성곤,대구광역시 달성군 구지면 국가산단대로64길 176,김진우,010-****-****
10236418,주식회사 알리제,류제필,부산광역시 남구 신선로 365 (용당동),권오찬,051-611-7432
10234167,주식회사 헥사베일,정종국,경기도 의왕시 안양판교로 82 (포일동),정종국,070-7537-3032
10235916,메타로지 주식회사,장석봉,충청남도 아산시 배방읍 희망로46번길 45-11,장석봉,041-533-5877
10236522,주식회사 후아,민진하,경상북도 영덕군 영해면 예주길 99-1,김가람,054-674-3650
10090825,주식회사 비엠지테크,김영민,경기도 파주시 회동길 363-8 (서패동),박수연,070-8852-6800
10234194,핑거포스트,최희,서울특별시 구로구 디지털로26길 111 (구로동),주동민,070-4066-5901
10104262,주식회사 겁쟁이사자들,김준,"충청남도 천안시 서북구 천안천4길 32 (와촌동, 천안역세권 지역전략사업지원 행복주택)",김준,041-553-5472
10235947,워크핏주식회사,백지환,서울특별시 서초구 사임당로 27 (서초동),백지환,010-****-****
10236204,(주)스톡,류준상,전북특별자치도 전주시 덕진구 오공로 123 (만성동),김희준,010-****-****
10236334,(주)뉴이룸하이텍,안동수,광주광역시 광산구 하남산단8번로 133 (안청동),안동수,010-****-****
10235739,마인드브이알,이대엽,서울특별시 용산구 서빙고로 17 (한강로3가),이대엽,010-****-****
10236409,주식회사 지이모션,한동수,서울특별시 강남구 선릉로99길 12 (역삼동),한동수,02-6094-3952
10236096,데이터스트림즈,이영상,서울특별시 서초구 사임당로 28 (서초동),김민철,02-3473-9077
10235480,(주)호연소프트,임완중,서울특별시 강서구 공항대로 200 (마곡동),임완중,070-8880-1428
10236451,주식회사 배다른남매,조용환,서울특별시 성동구 성수일로 99 (성수동1가),조용환,070-7607-7536
10236494,주식회사 디쎈,이동열,서울특별시 영등포구 영등포로 150 (당산동1가),이동열,02-6294-3201
10005903,(주)유진엠에스,은종욱,대구광역시 달서구 성서4차첨단로 127 (월암동),이인태,070-4088-2617
10236485,(주)정진테크,김정현,광주광역시 서구 유덕로142번길 22-22 (덕흥동),양준영,062-372-4422
10236497,아이씨 주식회사,이봄,서울특별시 강남구 선릉로 551 (역삼동),오은석,02-575-8825
10236504,(주)위커밋,강수진,서울특별시 마포구 마포대로 78 (도화동),강수진,010-****-****
10091622,주식회사 보라,허남정,경상남도 밀양시 초동면 초동로 70,허남정,070-4197-8633
10077209,(주)중원이노베이션,이병칠,경상북도 칠곡군 북삼읍 칠곡대로 208-8,박주현,054-975-4611
10083556,(주)화이트폭스,이성록,경상남도 창원시 의창구 평산로 33 (팔용동),이성록,055-298-0258
10085318,(주)마젠타로보틱스,권기현,대전광역시 유성구 가정로 218 (가정동),권기현,042-320-4743
10078037,주식회사 씨앤테크,김기덕,대전광역시 유성구 테크노4로 17(관평동) 대덕비즈센터 B동 214-215호,채상빈,042-862-0142
10078913,주식회사 노버스메이,"박민효,이창민",서울특별시 송파구 마천로39길 33 (마천동),이서윤,02-401-6761
10235400,자유,최유선,강원특별자치도 강릉시 경강로2326번길 4 (포남동),최유선,010-****-****
10235704,어글리스미스(주),신정우,서울특별시 마포구 동교로23길 41 (동교동),이정석,02-333-4935
10235745,프렌츠,김호천,"서울특별시 마포구 백범로31길 8 (공덕동, 공덕 SK 리더스뷰)",김호천,02-2038-8990
10235706,주식회사 에스2이테크,김흥수,제주특별자치도 서귀포시 중정로 86 (서귀동),김흥수,010-****-****
10069030,(주)코아아이티,신동용,충청북도 청주시 청원구 오창읍 과학산업4로 8-6,박민식,010-****-****
10236089,전성,김준홍,대구광역시 중구 공평로 26-20 (삼덕동2가),김준홍,010-****-****
10236117,주식회사 멜라카,구재호,대구광역시 동구 동대구로 469 (신천동),구재호,010-****-****
10236130,(주)로컬링크,남윤성,서울특별시 마포구 서강대길 22 (신수동),남윤성,010-****-****
10236263,주식회사 올마이투어,석영규,서울특별시 종로구 창경궁로 112-11 (인의동),윤란,02-2038-2725
10236275,(주)파워인포텍,오연미,서울특별시 금천구 가산디지털2로 98 (가산동),오연미,02-2026-8090
10235912,주식회사 딥서치,김재윤,서울특별시 영등포구 의사당대로 82 (여의도동),전해정,070-8711-3338
10236382,주식회사로컬비,문새길,경상남도 창원시 의창구 창원대로18번길 46 (팔용동),문새길,010-****-****
10236389,주식회사 마케시안씨앤이,고상원,경기도 하남시 미사강변한강로 155 (망월동),나주선,02-6338-4500
10235172,예스넷 주식회사,박승주,경기도 안양시 동안구 벌말로 66 (관양동),박성하,070-8657-2080
10236398,주식회사 원에스피,허대원,"경기도 안산시 단원구 선부광장남로 113 (선부동, 주공아파트)",허대원,010-****-****
10236428,주식회사 라온데이터,최성,서울특별시 중구 장충단로 209 (장충동1가),조한별,010-****-****
10236425,주식회사 두다지,홍석환,서울특별시 관악구 남부순환로218길 36 (봉천동),임희진,010-****-****
10236433,웨이브스트링,정명묵,서울특별시 구로구 디지털로31길 20 (구로동),정명묵,010-****-****
10233202,수테크시스템즈 (주),박수연,서울특별시 금천구 가산디지털2로 34 (가산동),전용수,070-4085-8709
10236437,주식회사 플롯팩토리,김성진,광주광역시 북구 첨단과기로 333 (대촌동),양정아,010-****-****
10236379,주식회사 유스바이오글로벌,유승호,충청북도 청주시 흥덕구 오송읍 오송생명1로 194-25,유지호,02-459-8484
10236271,(주)사운드플랫폼,서정훈,대전광역시 유성구 테크노4로 17 (관평동),맹유민,010-****-****
10236447,주식회사 산타 ,박기웅,부산광역시 해운대구 센텀중앙로 97 (재송동),조용호,070-7542-6939
10236443,주식회사 트립빌더,김명준,울산광역시 울주군 언양읍 유니스트길 50,김잔디,010-****-****
10236445,주식회사 사각,배건규,서울특별시 마포구 백범로31길 21 (공덕동),조봉섭,070-8019-0771
10236444,주식회사 빅링크에이아이,김시영,서울특별시 강남구 강남대로 310 (역삼동),김시영,02-1661-6213
10236455,(주)보아스에스이,이병주,충청북도 청주시 흥덕구 오송읍 오송생명로 194,이병주,043-266-2631
10236419,알파덱,김정환,서울특별시 중랑구 중랑역로4길 29 (중화동),김정환,010-****-****
10236462,(주)인벤티스,오훈택,서울특별시 강남구 영동대로 432 (대치동),조성원,070-4422-0227
10236466,딥트레이드테크놀로지스(주),채은도,서울특별시 관악구 관악로 1 (신림동),이전경,02-875-5677
10236460,엘맨소프트,양순석,광주광역시 서구 상무대로 1181 (농성동),박현수,010-****-****
10236468,주식회사 디지믹스,이교석,"서울특별시 강서구 양천로 551-24 (가양동, 한화비즈메트로2차)",이교석,02-3142-1298
10236472,딥세일즈(주),김진성,전북특별자치도 전주시 덕진구 반룡로 109 (팔복동2가),나현선,070-4417-5507
10236470,바탕시스템,김진철,대구광역시 달성군 다사읍 세천북로 94,서기용,053-582-8262
10236476,하이카콤,임근웅,서울특별시 강남구 강남대로92길 31 (역삼동),임근웅,010-****-****
10236483,(주)유스콘,유원석,서울특별시 송파구 송파대로 167 (문정동),이한슬,02-420-8806
10236467,주식회사 티켓스퀘어,이은경,"경기도 성남시 수정구 대왕판교로 995 (고등동, 판교밸리자이 1단지)",이진욱,070-5056-5512
10236486,(주)제이콥시스템,정자현,서울특별시 송파구 송파대로 201 (문정동),김용진,070-8666-3490
10236487,(주)위드마인드,주민성,부산광역시 강서구 미음산단5로41번길 71 (미음동),김다함,070-8834-7704
10236488,주식회사 미스터디벨로,송익주,서울특별시 마포구 와우산로3길 15 (상수동),홍성욱,010-****-****
10231822,주식회사 공간의파티,강진규,부산광역시 강서구 에코델타스마트로 39 (명지동),김인선,02-545-3982
10232376,플랭크,권의순,서울특별시 강서구 마곡중앙로 161-8 (마곡동),김정윤,010-****-****
10234369,주식회사 웹자운,강민정,서울특별시 용산구 청파로 326 (청파동1가),강자빈,02-400-9802
10231749,주식회사 알체라,황영규,경기도 성남시 분당구 판교로256번길 25 (삼평동),김용학,010-****-****
10101516,(주)넥사디에스,강학규,대구광역시 북구 신천동로 866-7(산격동) 4층 1호,강학규,053-959-7233
10094068,주식회사 바심,박화종,경기도 수원시 권선구 산업로156번길 142-10 (고색동) 비동 419호,조윤진,031-421-9063
10108058,(주)스피랩,이혜영,울산광역시 울주군 언양읍 유니스트길 50,이혜영,070-7430-3388
10108303,주식회사 업템포글로벌,오종훈,서울특별시 강남구 선릉로 578 (삼성동),정승헌,070-7780-5706
10108880,(주)카라멜라,박서연,광주광역시 남구 송암로24번가길 46 (송하동),정창용,062-714-3626
10230290,(주)도담솔루션,김현철,전라북도 전주시 덕진구 반룡로 109 (팔복동2가),김현철,063-213-9117
10231523,주식회사신성정공,유현덕,경기도 시흥시 옥구천동로 98 (정왕동),장병화,031-319-5201
10231527,한국도키멕(주) 대구공장,조홍래,대구광역시 달성군 구지면 국가산단대로46길 23,조재문,053-611-3786
10107183,（주）에스에스엠아이,박해정,경기도 용인시 기흥구 흥덕중앙로 120 (영덕동),강미정,031-701-9829
10232368,주식회사 하이브테크놀로지,김태훈,서울특별시 서초구 사임당로8길 13 (서초동),박종근,010-****-****
10234467,(주)엠바스,김정현,부산광역시 연제구 연제로 24 (연산동),김정현,010-****-****
10079183,주식회사 팔피엠,전준룡,대구광역시 수성구 알파시티1로42길 11 (대흥동),전준룡,053-793-0818
10082381,주식회사 비잉테크,유훈상,경상남도 창원시 의창구 창원대로18번길 46 (팔용동),여승한,070-7812-2198
10082924,주식회사 인시스템,이근익,부산광역시 동구 조방로 22 (범일동),조광래,051-714-6120
10235575,(주)소프트스퀘어드,이하늘,부산광역시 동구 중앙대로214번길 7-8 (초량동),이슬,070-4001-4087
10235907,드림캠퍼스,서재홍,경상남도 진주시 강남로 251 (칠암동),서재홍,02-1522-5060
10235991,주식회사 소프트랩스,성제훈,서울특별시 금천구 디지털로 121 (가산동),성제훈,02-6494-2848
10230154,주식회사 끄레망,김윤미,부산광역시 서구 흑교로109번길 6 (부용동1가),이정화,051-245-2983
10236127,(주)브라이튼,임익기,경상북도 경산시 삼풍로 27 (삼풍동),김태규,053-817-0701
10236163,주식회사 이비티솔루션,"고경민, 오유미","충청남도 천안시 서북구 천안천4길 32 (와촌동, 천안역세권 지역전략사업지원 행복주택)",오유미,010-****-****
10236241,주식회사 매직에꼴,최재규,서울특별시 성동구 성수일로10길 26 (성수동2가),조병규,02-6223-9167
10236313,(주)커넥트브릭,장홍석,대전광역시 유성구 가정로 218 (가정동),황선재,010-****-****
10236278,씨그로 주식회사,김응진,서울특별시 강남구 삼성로75길 32-11 (대치동),조인혁,010-****-****
10106840,(주)삼성피앤씨,정연일,대구광역시 달서구 성서공단남로10길 47(대천동),장길현,053-583-3511
10236386,주식회사거룡아이티,신승철,경기도 고양시 덕양구 중앙로 560 (행신동),신승철,031-979-3316
10236347,코드베이스(CodeBase),김미정,"대구광역시 동구 아양로 133 (신암동, 동대구역센텀화성파크드림아파트)",김미정,010-****-****
10236397,farmingstar,안재성,경기도 고양시 덕양구 항공대학로 76 (화전동),안재성,010-****-****
10236405,(주)새론솔루션,송민규,경기도 의왕시 안양판교로 82 (포일동),김주희,010-****-****
10078517,도원TECH,윤 규종,광주광역시 광산구 원두로 60 (월전동),전근홍,062-943-4114
10230252,주식회사 하나루프 ,김혜연 ,서울특별시 강남구 선릉로93길 40 (역삼동),이평휘,010-****-****
10236403,팜피 주식회사,박혜진,경기도 안양시 동안구 부림로 113 (관양동),노영호,02-6959-7071
10236415,반디에스앤씨(주),김봉석,서울특별시 성동구 상원12길 34 (성수동1가),김정민,02-6925-5508
10236407,포어링크,송기봉,서울특별시 금천구 가산디지털2로 184 (가산동),김시인,02-2113-9405
10083625,(주)에이펙스 이에스씨,장재훈,인천광역시 연수구 송도미래로 30 (송도동),송태용,070-7811-5819
10236423,주식회사 뉴런즈,김영현,서울특별시 광진구 능동로 120 (화양동),송선호,070-8080-4607
10236426,(주)기억산책,김 상인,서울특별시 구로구 디지털로33길 48 (구로동),이경진,02-561-5335
10236429,어포나티 주식회사,김도현,서울특별시 서대문구 통일로 484 (홍제동),김도현,02-6375-5814
10236432,(주)리베고,황태철,경기도 용인시 수지구 광교중앙로 338 (상현동),황태철,010-****-****
10236414,엠클라우독,유상열,서울특별시 강남구 역삼로 170 (역삼동),지연경,070-7525-4791
10236440,힙메디,김소윤,"서울특별시 서초구 서운로 107 (서초동, 래미안서초에스티지)",김소윤,070-4121-0070
10236441,망고클라우드 주식회사,백진성,부산광역시 북구 만덕3로16번길 1 (만덕동),윤용수,051-501-2248
10236442,(주)피티인사이트,김기태,부산광역시 금정구 중앙대로1959번길 8 (구서동),박성열,070-4814-6668
10236452,소너비스 주식회사,정대중,경상남도 창원시 의창구 중동북로 23 (중동),정대중,010-****-****
10236471,센트리얼필(주),한상엽,서울특별시 성동구 독서당로40길 39 (옥수동),한상엽,02-2282-5220
10236473,(주)온디에이아이,채진호,경기도 의왕시 안양판교로 82 (포일동),채진호,031-462-2151
10236474,흑자 주식회사,홍제형,서울특별시 서대문구 성산로 512-42 (대신동),홍제형,010-****-****
10235887,디엑스솔루션 주식회사,박용규,경기도 성남시 수정구 달래내로 46 (시흥동),김성철,031-698-3477
10235983,주식회사 디에이블,소지영,경기도 하남시 검단산로 239 (창우동),소지영,070-8805-3009
10235951,(주)디자이노블,"신기영, 송우상",경상북도 포항시 남구 청암로 87 (지곡동),한혜린,010-****-****
10236077,주식회사 라이폴리,이흥규,서울특별시 서초구 사임당로8길 13 (서초동),이흥규,010-****-****
10236112,주식회사피플밤,나윤호,제주특별자치도 제주시 중앙로14길 21 (삼도이동),한경주,064-725-0641
10235761,주식회사 이노렘,신상도,서울특별시 종로구 율곡로 214 (연건동),김지현,02-2072-4682
10236251,주식회사 엔크레더블,이재혁,인천광역시 연수구 컨벤시아대로 81 (송도동),박상아,010-****-****
10234703,주식회사 나두모두,문영호,서울특별시 강남구 테헤란로 311 (역삼동),조미선,02-557-4423
10236339,팁스비전 주식회사,박영국,서울특별시 금천구 가산디지털2로 98 (가산동),박영국,070-4757-1125
10236341,(주)리모,배은경,충청남도 아산시 배방읍 희망로46번길 45-11,김경민,02-6949-3847
10085898,주식회사 팀스페이스팜,서유리,부산광역시 강서구 식만로 47 (죽림동),이준식,070-885-8889
10236367,컴팩 주식회사,심재범,서울특별시 영등포구 의사당대로 83 (여의도동),박광범,02-865-1555
10236369,지뉴소프트,김동일,서울특별시 강남구 논현로81길 9 (역삼동),홍성극,010-****-****
10236359,주식회사 상상력집단,송진혁,서울특별시 서초구 언남11길 16-15 (양재동),송진혁,010-****-****
10236338,주식회사 루아정보기술,이정훈,충청북도 청주시 서원구 내수동로108번길 40 (사창동),이병창,02-1688-1219
10236370,주식회사 나로수,김명석,광주광역시 광산구 남부대길 38 (월계동),김명석,010-****-****
10236371,주식회사 블랙후즈,이은호,경기도 성남시 분당구 성남대로331번길 8 (정자동),김기인,02-6339-1331
10236063,리디안랩스 주식회사,김경일,대전광역시 유성구 복용동로 43 (복용동),김경일,042-825-0106
10236380,민트기술,왕수용,서울특별시 강남구 언주로 534 (역삼동),김상훈,070-7581-9679
10235471,(주)영현로보틱스,이욱진,대구광역시 북구 오봉로 164 (침산동),박정민,053-352-6192
10236391,주식회사 머신앤비전,하응주,충청남도 천안시 서북구 성환읍 왕지1길 151-1,박단비,010-****-****
10236394,유레카엔터프라이즈 주식회사,한장현,서울특별시 강서구 마곡중앙4로 22 (마곡동),한장현,02-6736-0701
10078061,승현시스템,양승규,경기도 부천시 송내대로265번길 37 (상동) 아름다운프라자 703호 승현시스템,이우진,032-322-6891
10072384,영림원소프트랩,권영범,서울특별시 강서구 양천로 583 (염창동),최명신,02-2093-1115
10094670,(주)씨피에스,전기배,경상북도 김천시 혁신로 185 (율곡동),문은아,031-282-0563
10101042,코코넛사일로 주식회사,김승용,서울특별시 구로구 디지털로31길 62 (구로동),권성일,02-564-0309
10230472,에쓰소프트(주),권병두,경상남도 창원시 진해구 냉천남로 3-28 (자은동),권병두,070-4870-3223
10088046,(주)램시스템,홍경표,대구시 달성군 구지면 달성2차로 42,이재필,053-263-0007
10235086,(주)붐코커뮤니케이션,박경훈,대전광역시 유성구 대학로 179 (궁동),허대준,010-****-****
10090171,주식회사 엠투코리아,장춘원,부산광역시 남구 문현금융로 40 (문현동),김대한,051-937-1000
10090118,(주)엠씨링크,김문호,경기도 화성시 동탄첨단산업1로 58 (영천동),김문호,031-8067-5101
10075969,(주)타스코,송문호,경기도 안양시 동안구 시민대로 383 (관양동),이경원,010-****-****
10094018,(주)소르테크,한창엽,"부산광역시 해운대구 해운대로 575(우동, 국제빌딩) 1303호",조경호,051-939-7770
10235422,주식회사 도슨티,이일구,서울특별시 관악구 호암로22길 26 (신림동),이일구,010-****-****
10235404,페어워크(PairWork),유민우,"서울특별시 중랑구 동일로129길 35 (중화동, 태능에셈빌)",유민우,010-****-****
10235856,주식회사 타날리시스,최인경,서울특별시 서초구 서초대로77길 39 (서초동),최인경,02-568-7222
10235909,(주)제로투원파트너스,권성은,서울특별시 마포구 마포대로 86 (도화동),권성은,02-6105-8715
10236256,주식회사 빅스터,이현종,서울특별시 구로구 디지털로33길 28 (구로동),이현종,02-6274-6661
10236269,리스크제로,최영호,서울특별시 성동구 성수일로 77 (성수동1가),김재우,010-****-****
10236296,디비디랩 주식회사,강지수,서울특별시 마포구 백범로31길 21 (공덕동),강지수,010-****-****
10236243,뉴런아키텍쳐,이지수,경기도 고양시 덕양구 삼송로139번길 1 (삼송동),성진규,010-****-****
10236174,(주)위솝,김규한,서울특별시 마포구 백범로31길 21 (공덕동),공섭,010-****-****
10236333,주식회사 템스,정재훈,경기도 용인시 기흥구 중부대로 184 (영덕동),정재훈,070-8287-1965
10235816,주식회사 이커버스,조승원,광주광역시 북구 첨단과기로 333 (대촌동),이진원,062-972-2787
10102702,주식회사 윌로그,배성훈 윤지현,서울특별시 강남구 삼성로 507 (삼성동),배성훈,010-****-****
10236355,이지시스템네트웍스,이재복,"경기도 군포시 금산로 91 (산본동, 래미안 하이어스)",이재복,010-****-****
10236356,(주)윈코커뮤니케이션,조희동,서울특별시 관악구 승방길 14 (남현동),엄미향,02-581-4000
10236202,주식회사 로볼루션,박종훈,경상남도 창원시 의창구 대산면 봉강가술로559번길 1,차지나,010-****-****
10099480,주시회사 화닉슨,김용섭,경기도 시흥시 소망공원로 323 (정왕동),김용섭,031-318-9189
10069223,이노팩토리,유봉춘,서울특별시 서초구 마방로2길 84 (양재동),이동민,070-8270-4571
10078079,오브유니티 주식회사,박병희,서울특별시 송파구 법원로 128 (문정동),박병희,02-3012-1101
10079114,주식회사 웹싱크,강영식,경상남도 창원시 의창구 창이대로205번길 5 (봉곡동) 봉곡프라지 201호,강영식,055-238-9456
10075297,(주)피데스,진민호,광주광역시 북구 첨단연신로 88 (연제동),김종곤,062-449-5478
10084511,(주)엔티엔시스템즈,이상한,경기도 하남시 미사강변서로 25 (풍산동),이상한,02-3402-2389
10231218,(주)잇츠솔루션,노희전,경상남도 창원시 성산구 용지로265번길 4 (용호동),노희전,010-****-****
10234127,주식회사 네오시스템,안성순,울산광역시 중구 북부순환도로 875 (서동),안성순,010-****-****
10234779,주식회사 샘튼,심덕수,인천광역시 연수구 갯벌로 12 (송도동),심덕수,010-****-****
10231763,주식회사이엠솔루션,노상만,경상남도 창원시 의창구 평산로 33 (팔용동),신민우,010-****-****
10232960,주식회사 미디어나비,박주일,경기도 용인시 수지구 현암로 135 (죽전동),정윤아,031-000-0000
10233289,(주)엠메이트,노남두,부산광역시 부산진구 동성로 137 (전포동),이근실,010-****-****
10233630,(주)다원아이텍,여준일,세종특별자치시 소담로 93 (소담동),여준일,070-7954-2775
10234300,(주)범일정보,박영기,대구광역시 수성구 알파시티1로35길 5 (대흥동),강성범,053-422-4005
10234367,(주)인틴랩스,정현주,서울특별시 금천구 두산로 70 (독산동),정현주,02-923-6823
10234825,주식회사 에이디오트,정민규,광주광역시 북구 첨단과기로208번길 43-22 (오룡동), 박은선,062-975-0110
10235136,(주) 카라아이엔씨,김기쁨,서울특별시 동대문구 답십리로38길 19 (답십리동),김혜영,010-****-****
10005792,(주)비즈스프링,이철승,서울특별시 성동구 광나루로 130 (성수동1가),황민석,02-6919-5506
10235140,씨맥스 주식회사,박현국,경상남도 창원시 의창구 차룡로48번길 44 (팔용동),박현국,010-****-****
10235910,주식회사 솔로몬텍,"홍성진, 홍지수",서울특별시 금천구 디지털로 178 (가산동),김준형,02-508-6781
10108976,주식회사에스씨크리에이티브,이복은,전라남도 순천시 중앙로 255(석현동) B7 산학협력관 707호,서애리,010-****-****
10235945,주식회사 아이클레이브,최윤내,서울특별시 서초구 강남대로 327 (서초동),최윤내,010-****-****
10235904,(주)에즈웰,김영천,대전광역시 유성구 테크노2로 199 (용산동),이진수,042-824-2907
10235820,비앤브이솔루션 주식회사,박기범,서울특별시 금천구 가산디지털2로 143 (가산동),박도은,010-****-****
10236029,주식회사 제이비티,이은정,경기도 성남시 수정구 창업로 43 (시흥동),구자섭,070-8656-1590
10235223,(주)포테이토넷,신경아,서울특별시 광진구 능동로 120 (화양동),최은진,02-468-0118
10236135,(주)제로스트에이아이,고범준,서울특별시 강남구 테헤란로 518 (대치동),고범준,02-6241-0701
10234208,주식회사 라이피스,손정민,경기도 부천시 원미구 중동로254번길 90 (중동),정세현,010-****-****
10236188,(주)에이아이오투오,안성민,대구광역시 북구 옥산로 111 (칠성동2가),박동길,070-4260-8310
10236178,나모웹비즈주식회사,진병각,서울특별시 송파구 법원로11길 11 (문정동),허원덕,02-431-4031
10236254,(주)메타뱅크,소요환,대전광역시 대덕구 한남로 70 (오정동),이승빈,042-385-1008
10236274,주식회사 위트리,이동훈,부산광역시 금정구 금강로321번길 57 (장전동),이동훈,070-7788-1458
10236175,주식회사 셈틀컴퍼니,이병창,경기도 의정부시 문화로 10 (고산동),이병창,02-1688-8802
10236303,오울소프트,오유리,서울특별시 강서구 공항대로59길 8 (등촌동),원찬희,010-****-****
10236316,(주)모니트,이충열,경기도 광명시 덕안로104번길 17 (일직동),채호병,010-****-****
10236327,나루커뮤니케이션,하태우,전북특별자치도 전주시 완산구 백제대로 260 (중화산동2가),김선미,063-227-6278
10236353,(주)케이알투미닷컴,김예한,"서울특별시 강서구 허준로 76 (가양동, 한보구암마을아파트)",김성한,010-****-****
10084183,(주)디자인에이원,이경자,부산광역시 연제구 과정로114번길 18-5 (연산동),김영갑,051-624-4486
10236373,(주)맵시,김지수,부산광역시 해운대구 센텀동로 45 (우동),장보경,02-711-0518
10102877,데이터사이언스랩,유희경,서울특별시 송파구 법원로8길 8 (문정동),정수현,02-565-1123
10086626,(주)메라클,이동규,부산광역시 해운대구 센텀중앙로 97 (재송동) 센텀스카이비즈 A동 2407호,최은우,051-911-3330
10084354,세일즈인사이트(주),고명식,서울특별시 금천구 벚꽃로36길 30 (가산동),채문기,02-540-5234
10001958,(주)플랜아이,이명기,대전광역시 유성구 문지로 282-10 (문지동),정금석,042-934-3504
10081545,로지텍코리아(주),김덕한 ,"경상남도 창원시 성산구 완암로 50 (성산동),  SK테크노파크,  테크동 710호",김덕한,070-4489-5301
10078936,(주)시너젠,윤금란,서울특별시 성동구 성수일로4길 25 (성수동2가),김지영,02-499-9939
10096375,모리콘,노자림,대전광역시 유성구 문지로 272-16 (문지동),정구열,042-369-7901
10098496,진승정보기술,김규섭,서울특별시 강서구 양천로 532 (등촌동),김경민,02-761-9788
10106817,(주)잇다플랫폼,윤동준,서울특별시 강남구 언주로134길 12 (논현동),윤동준,031-715-2474
10221224,(주)알엠지,김희정,경기도 군포시 고산로148번길 17 (당정동),함문식,070-4077-0800
10079173,(주)카비,이은수,서울특별시 금천구 디지털로 178 (가산동),정수영,070-5117-0662
10234348,주식회사 나무씨엔에스,이병진,경기도 성남시 중원구 사기막골로 99 (상대원동),이병진,031-625-3001
10234487,아이에스티엔에임즈(주),김종익,경기도 안양시 동안구 동편로183번길 59-2 (관양동),김종익,070-7789-3428
10231755,(주)아이티이즈,배도연,서울특별시 종로구 창경궁로 254 (명륜2가),이병욱,02-2135-9970
10235185,주식회사 와이씨원,유호연,경상남도 창원시 의창구 중동중앙로 47 (중동),천세은,070-7867-9077
10235411,(주)메타프리,변용필,경기도 성남시 분당구 운중로 135 (운중동),김상화,02-330-3990
10101064,(주)인텔로이드,양태영,경기도 성남시 분당구 판교로255번길 9-22 (삼평동),양태영,031-628-7830
10236082,딥인사이트,오은송,경기도 성남시 분당구 대왕판교로 670 (삼평동),원준연,031-724-0501
10236184,모멘티,유승하,서울특별시 강남구 논현로105길 11-3 (역삼동),유승하,070-8882-5579
10235845,위클레버,김선재,경기도 김포시 태장로 751 (장기동),김선재,010-****-****
10236249,주식회사 플루언트,전예찬,서울특별시 중구 청계천로 40 (다동),전예찬,010-****-****
10236235,주식회사 플랜바이테크놀로지스,노현섭,서울특별시 강남구 테헤란로 217 (역삼동),이도하,010-****-****
10236148,주식회사 아토즈소프트,서호진,서울특별시 성동구 광나루로 240-30 (성수동2가),설희경,02-1661-2460
10236239,주식회사 에이뎁,나진서,서울특별시 영등포구 경인로 775 (문래동3가),나진서,010-****-****
10236307,주식회사 와이즈플러스,이병주,서울특별시 금천구 가산디지털1로 171 (가산동),김다솜,02-6267-6463
10236336,보엠(주),김지율,인천광역시 서구 백범로 633 (가좌동),김지율,010-****-****
10236344,주식회사 알파브라더스,채중규,서울특별시 강서구 공항대로45길 71 (등촌동),조연경,010-****-****
10063926,이노팀스(주),도기철,부산광역시 사상구 모라로 22 (모라동),박성진,050-5555-1220
10083277,(주)노스브릿지,정영선,서울특별시 성동구 연무장5길 9-16 (성수동2가),윤용식,02-6925-1889
10095134,주식회사 엔케이시스템,김용호,경기도 광명시 일직로 72 (일직동) 광명무역센터 A동 1410호,배진혁,02-2060-0105
10220899,주식회사 쿳션,이민석,서울특별시 영등포구 선유로9길 10 (문래동6가) 문래 SK V1 Center 709호,이민석,010-****-****
10232214,(주)비아이씨엔에스,이원철,경기도 성남시 분당구 판교로 253 (삼평동),김윤모,02-422-4242
10232856,주식회사 루트랩스,하창훈,"대구광역시 북구 중앙대로 540 (칠성동2가, 오페라 코오롱하늘채)",하창훈,070-7622-0074
10234950,다오블록,윤상민,"대구광역시 동구 화랑로80길 8 (방촌동, 우방강촌마을)",윤상민,010-****-****
10079012,케이지솔루션,조현호,경기도 양평군 양평읍 도곡로200번길 34-15,조현호,031-772-4887
10078931,디포커스(주),선은두,서울특별시 성동구 성수이로 51 (성수동2가) 304호,박배웅,02-3452-3900
10077386,코코스소프트웨어협동조합,김성현,부산광역시 금정구 중앙대로 1942 (구서동),이은경,051-988-8608
10084295,(주)미래융합정보기술,김원태,서울특별시 구로구 디지털로32길 30 (구로동),김원태,02-1522-5153
10103387,크레플 주식회사,서은석,경기도 성남시 분당구 황새울로 315 (서현동),전명중,031-709-0900
10234997,주식회사 핀인사이트,이민호,서울특별시 영등포구 의사당대로 83 (여의도동),이진범,010-****-****
10081988,모음커뮤니케이션,정용섭,서울특별시 금천구 벚꽃로 286 (가산동) 리더스타워 1205호,이태관,070-7744-0000
10235873,엠케이얼라이언스(주),구영서,서울특별시 성동구 아차산로17길 49 (성수동2가),박재금,02-497-0775
10235932,주식회사 웰로,김유리안나,세종특별자치시 가름로 232 (어진동),신아론,02-889-9369
10235960,(주)뉴턴,김성국,서울특별시 용산구 한강대로 373-1 (동자동),김성국,02-6949-6023
10235978,주식회사 그레이즈,이정훈,서울특별시 영등포구 선유로9길 10 (문래동6가),이정훈,070-7725-7865
10235967,주식회사 누아,서덕진,서울특별시 중구 세종대로 136 (태평로1가),최충열,02-542-1578
10236066,주식회사 와이즈인컴퍼니,김원표,서울특별시 강남구 언주로 309 (역삼동),김원표,02-558-5144
10236104,주식회사 미래와기술,이해숙,서울특별시 구로구 디지털로29길 38 (구로동),유제원,010-****-****
10236070,일경큐아이씨(주),백정태,서울특별시 강서구 마곡중앙로 59-21 (마곡동),김정호,02-6341-8034
10236168,(주)어나더도어,정대욱,서울특별시 강남구 테헤란로1길 28-11 (역삼동),정대욱,010-****-****
10235849,주식회사 유니콘브릿지,신현삼,경기도 성남시 분당구 성남대로779번길 6 (이매동),신현삼,010-****-****
10072762,임팩시스,신승렬,강원특별자치도 춘천시 동면 춘천순환로 609,변정인,070-7004-6500
10236176,인핸스,이승현,서울특별시 서초구 서초중앙로8길 89-17 (서초동),심재윤,010-****-****
10236214,(주)테크디엔에이,배진우,경기도 하남시 미사대로 550 (덕풍동),이원용,031-8027-3753
10236212,온텍,이만재,경기도 부천시 원미구 길주로431번길 17 (춘의동),김연구,032-613-4052
10236317,주식회사 동아테크,이용석,경기도 고양시 덕양구 고골길116번길 39-52 (관산동),박관애,02-358-3037
10236323,(주)심스리얼리티,김명환,대전광역시 유성구 테크노중앙로 74 (관평동),강필도,042-934-1801
10085037,주식회사 하이지노,김하율,"경기도 안양시 동안구 시민대로248번길 25 (관양동), 안양창조산업진흥원 703호, 706호",최주연,031-337-3755
10235456,주식회사 블라스트,배정현,서울특별시 서초구 매헌로 16 (양재동),이연진,010-****-****
10234198,(주)홈페이지코리아,염하은,서울특별시 영등포구 경인로 775 (문래동3가),정현애,02-6340-7709
10235148,한국딥러닝(주),김지현,서울특별시 서초구 강남대로89길 30 (반포동),황보승화,050-2000-8002
10235930,(주)고스트패스,이선관,광주광역시 북구 첨단과기로208번길 6 (오룡동),권한나,010-****-****
10236032,(주)테라스트림,김성홍,경상남도 창원시 의창구 창원대로18번길 46 (팔용동),김성홍,010-****-****
10236200,(주)라임솔루션,김종균,서울특별시 동작구 동작대로 65 (사당동),이주영,02-3478-1771
10085367,(주)루텍에스,윤형식,인천광역시 남동구 호구포로 189 (고잔동),윤형식,032-468-0081
10096093,주식회사 네오유비,김장현,경상북도 구미시 구미대로 350-27 (신평동),김재천,054-532-4272
10098813,코메스,곽오석외 1명,경기도 부천시 길주로411번길 20(춘의동)  718호,곽오석,070-2627-0632
10236106,와이시스템즈,최치영,경기도 평택시 고덕중앙로 290 (고덕동),최치영,010-****-****
10236160,테크메이트,최재광,"경기도 화성시 동탄대로시범길 19 (청계동, 동탄역 시범 더샵 센트럴시티)",최재광,070-8065-4071
10231143,주식회사 레디츠,심재용,경기도 부천시 조마루로385번길 122 (춘의동),심재용,010-****-****
10235880,주식회사 리피스,옥창안,서울특별시 영등포구 여의대로 108 (여의도동),옥창안,010-****-****
10235897,(주)유앤피플,김석영,서울특별시 구로구 디지털로31길 38-9 (구로동),김민수,02-855-7471
10236042,(주)연우테크놀러지,김지현,서울특별시 성동구 아차산로 126 (성수동2가),한정훈,070-4377-5645
10236057,(주)아이트,우광제,전북특별자치도 전주시 완산구 천잠로 303 (효자동2가),원주연,070-4223-7398
10235939,(주)그노티,장기석,서울특별시 성동구 왕십리로 58 (성수동1가),최경희,02-6951-0174
10230352,한국클라우드,김현겸,서울특별시 금천구 서부샛길 606 (가산동),황광태,010-****-****
10236078,(주)가시,강우석,서울특별시 영등포구 경인로71길 70 (문래동5가),박상하,070-4221-8528
10236102,주식회사 하우앳,조진연,충청북도 청주시 청원구 오창읍 양청4길 45,이병일,043-296-4103
10236074,주식회사 프롬프트타운,서진욱,대구광역시 수성구 알파시티1로 160 (대흥동),서진영,010-****-****
10236222,주식회사 메타유닉스,홍주희,서울특별시 영등포구 양평로21길 26 (양평동5가),박정서,010-****-****
10007692,재원산업(주),,전남 여수시 낙포동 159-3,이아름,061-690-9200
10100220,주식회사 나인랩스,박성호,경상북도 구미시 산호대로 32 (공단동),서예솔,054-471-8791
10064975,E.F엔지니어링,전익희,경기도 안산시 단원구 산단로 123 (원시동),전익희,031-433-1277
10104651,주식회사 하이퍼놀로지,이남희,경기도 수원시 권선구 수성로 8 (구운동),이남희,031-299-6824
10108430,스마트인사이드AI,박승희,경기도 수원시 장안구 서부로 2066 (천천동),이연진,031-304-5809
10231594,금강F.A,정규식,경상남도 김해시 주촌면 서부로1701번길 352,정규식,055-335-0693
10103906,에스엠피주식회사,송명선,충청북도 청주시 서원구 무심서로 377-3(모충동) 서원대학교 산학협력단 창업보육센터 비전관 307호,송명선,043-298-5352
10069199,디지테크정보(주),이병준,서울 강서구 등촌동 664-8 원풍빌딩 7층,양정모,02-3663-8859
10077895,주식회사 세이프컴즈,이한조,서울특별시 성동구 성수일로 99 (성수동1가),이한조,02-3444-7177
10076852,OPEN TS,김재규,경상남도 창원시 성산구 마디미로56번길 8 (상남동),김재규,055-715-1081
10089688,조앤소프트 주식회사,조현철,"경기도 성남시 분당구 정자일로 248 (정자동, 파크뷰)",김수성,031-628-8816
10065268,심심이주식회사,최정회,서울특별시 강남구 테헤란로78길 14-14 (대치동),김유진,02-562-5332
10234570,주식회사 아무르,이성연,서울특별시 영등포구 국제금융로8길 25 (여의도동),오종학,02-556-2306
10235997,주식회사 스마트마케팅인포,허욱,서울특별시 서초구 강남대로43길 15 (서초동),허욱,010-****-****
10235927,주식회사 팜킷,양선흥,세종특별자치시 한누리대로 312 (나성동),류은애,044-868-2194
10236049,뉴로플로우 주식회사,이종민,경기도 성남시 분당구 성남대로331번길 8 (정자동),지예성,010-****-****
10235133,드림나우 주식회사,김현석,경기도 성남시 분당구 황새울로335번길 8 (서현동),김현석,070-8058-9501
10236090,컨트롤에프 주식회사,정희석,대전광역시 유성구 대덕대로 620 (도룡동),김정호,042-933-1966
10236172,주식회사 젭,김상엽,서울특별시 강남구 선릉로93길 50 (역삼동),김상엽,010-****-****
10235418,주식회사 클리크소프트,제성호,경기도 성남시 수정구 청계산로 686 (고등동),제성호,010-****-****
10235763,주식회사이너턴스,임진이,서울특별시 용산구 효창원로72길 16 (효창동),김수빈,02-707-1545
10235762,플릭던 주식회사,구본경,경기도 화성시 동탄첨단산업1로 57 (영천동),구본경,010-****-****
10235815,(주)라운드유,현분희,서울특별시 영등포구 경인로 775 (문래동3가),현분희,010-****-****
10235857,마인스페이스 주식회사,엄정현,광주광역시 동구 동계천로 150 (동명동),엄정현,062-710-7120
10008620,(주)윕스,이형칠,서울특별시 마포구 성암로 189 (상암동),이채민,02-726-1043
10236003,(주)셀메이트,서원준,서울특별시 마포구 만리재로 47 (신공덕동),홍현정,010-****-****
10235458,주식회사 티플리스,박대일,서울특별시 금천구 가산디지털1로 25 (가산동),강민구,02-6952-0302
10236046,주식회사 워커스하이,김충희,서울특별시 강남구 선릉로 703 (논현동),백동주,010-****-****
10236036,(주)온피아,김연,서울특별시 구로구 디지털로33길 55 (구로동),김영곤,070-4262-2837
10091432,라온피플,이석중,경기도 과천시 과천대로7나길 60 (갈현동),배재호,02-504-9639
10100060,주식회사 트니랩인,김경민,서울특별시 금천구 가산디지털2로 143 (가산동),김경민,031-305-1600
10104287,아이와이씨앤씨(주),박준근,"서울특별시 금천구 디지털로9길 68(가산동), 1208호",차경일,02-3446-7231
10231482,팀리부뜨,최성철,부산광역시 해운대구 센텀동로 45 (우동),박푸름,010-****-****
10233340,플랫폼비앤티 주식회사,김종진,경상남도 진주시 동부로169번길 12 (충무공동),김종진,070-8211-3394
10234151,주식회사 상상너머,정준철,광주광역시 서구 금호운천길 80-3 (쌍촌동),안공임,010-****-****
10086269,그란코,배준호,"경기도 안산시 단원구 별망로 458(목내동) , 101동 (주)그란코",손용준,031-494-3020
10235557,(주)닷코,임현호,부산광역시 금정구 수림로 55 (장전동),송인규,070-8801-4828
10235898,케이포시큐리티(주),박경철,서울특별시 구로구 디지털로 243 (구로동),소명영,02-2224-0060
10235797,(주)지팬스,김명호,부산광역시 해운대구 센텀중앙로 60 (우동),이혜진,051-918-8585
10236056,주식회사 리나소프트,김성관,부산광역시 사상구 대동로 303 (감전동),김성관,070-4220-9691
10236122,수디벨로퍼스 주식회사,구원회,서울특별시 금천구 가산디지털2로 95 (가산동),김영진,010-****-****
10077722,중외정보기술,이정하,경기도 과천시 과천대로7나길 60 (갈현동),이상은,02-801-1000
10096001,아이온에스,김남호,서울특별시 성동구 성수일로8길 55 (성수동2가),김남호,02-512-3155
10235732,한국정보공작소,곽송욱,서울특별시 금천구 가산디지털1로 45 (가산동),홍진우,02-3667-3377
10235794,스마트뷰,전완복,서울특별시 금천구 가산디지털1로 204 (가산동),전완복,02-854-3701
10235915,주식회사 솔로몬엠 ,홍지수,서울특별시 금천구 디지털로 178 (가산동),김민우,010-****-****
10236040,주식회사 가치플레이,조성근,서울특별시 강서구 공항대로 337 (등촌동),조성근,010-****-****
10235938,유비디시전,신동우,서울특별시 용산구 청파로47길 9 (청파동3가),박준향,02-558-6996
10234706,설성푸드 주식회사,조성진,강원특별자치도 원주시 지정면 조엄로 347-2,박지원,02-2000-7508
10236087,주식회사 아이엔테크,조현대,경상남도 창원시 마산회원구 봉암공단4길 165 (봉암동),박지우,055-267-5340
10236073,주식회사 아크론,손재혁,경기도 성남시 분당구 대왕판교로645번길 12 (삼평동),전경근,010-****-****
10232797,소닉스코리아주식회사,노치현,경기도 의왕시 철도박물관로 12 (삼동),김정열,031-462-2501
10074955,서울소프트,노병진,"충청북도 충주시 중앙로 80,501호(성서동, 네오메디 클리닉센타)",노병진,02-6052-1193
10075845,(주)인프라시스템,김영우,서울특별시 영등포구 당산로 171 (당산동4가) 금강펜테리움IT타워 1102-1,김영우,070-4447-9005
10083688,코아글로벌(주),전성준,서울특별시 서초구 강남대로 311 (서초동),전성준,02-3473-9090
10235284,주식회사 지유,손종현,인천광역시 연수구 인천타워대로 323 (송도동),오아라,010-****-****
10235853,주식회사 보이노시스,SHINGRACEJUNGEUN,서울특별시 광진구 능동로 120 (화양동),유하린,02-582-5850
10235805,(주)제니스에스티,명유진,서울특별시 금천구 벚꽃로 278 (가산동),이상학,02-6224-4000
10099574,(주)디엑스테크,이상종,서울특별시 금천구 가산디지털2로 98 (가산동),송의준,070-5056-4308
10103433,(주)윈에코텍,이준호,인천광역시 서구 중봉대로 490 (청라동),이준호,031-8055-7323
10230573,주식회사 라임프렌즈,정영찬,충청남도 아산시 번영로86번길 27-3 (온천동),정영찬,02-6949-6812
10234873,주식회사 네오커넥트,이창호,서울특별시 금천구 가산디지털1로 225 (가산동),권희수,02-2039-0667
10234782,(주)하마랩,김민선,경기도 성남시 수정구 달래내로 46 (시흥동),임경섭,070-5151-5884
10232309,주식회사 나인와트,김영록,인천광역시 연수구 컨벤시아대로 204 (송도동),곽우민,070-8866-7226
10234155,주식회사 에스소프트,김지인,전라남도 담양군 담양읍 죽녹원로 152,문병용,070-4262-8646
10234898,(주)인사이터,남성전,서울특별시 마포구 매봉산로 37 (상암동),김종원,010-****-****
10235218,주식회사 넥시빌,임정현,"경기도 고양시 일산서구 킨텍스로 240 (대화동, 킨텍스 꿈에그린)",허준혁,010-****-****
10234087,후버솔루텍,임성원,서울특별시 서초구 사임당로8길 13 (서초동),송재홍,010-****-****
10235666,(주)라이크웹,권성한,서울특별시 강남구 봉은사로55길 17 (삼성동),오성준,070-7443-3137
10235719,(주)그로비,조미성,서울특별시 강남구 테헤란로7길 22 (역삼동),신아영,070-8151-2586
10235840,마켓링크,김종호,서울특별시 서대문구 경기대로 15 (충정로3가),이대범,02-2129-9706
10231321,(주)엠브이픽,안진범,부산광역시 수영구 수영로642번길 28 (광안동),조상민,010-****-****
10235883,(주)스톤헨지,형성욱,경기도 성남시 분당구 서현로 170 (서현동),형성욱,031-783-7970
10235888,두루이디에스 주식회사,배현철,경기도 안양시 동안구 학의로 282 (관양동),이용석,02-517-3272
10235902,(주)컴베이,김흥구,경기도 성남시 분당구 대왕판교로 670 (삼평동),김흥구,010-****-****
10235920,(주)위즈데이타,이진영,"서울특별시 서대문구 홍지문2길 51 (홍은동, 위즈하우스)",이진영,02-2279-5969
10235994,(주)비에이치소프트,소병혁,서울특별시 영등포구 여의대방로65길 13 (여의도동),고예진,02-6677-5533
10071500,지미디어(주),이인숙,경기도 성남시 분당구 매화로 45 (야탑동),한지유,031-724-3308
10235962,(주)소프트제국,최명수,경기도 고양시 덕양구 서정로 9 (행신동),유제성,031-972-0409
10063975,온라인바다(주),나영호,"서울특별시 금천구 서부샛길 606, 비동 2703호 (가산동)",김미연,02-861-4498
10092149,주식회사 지아이엠티,우기쁨,경기도 평택시 고덕중앙로 322 (고덕동),우요한,031-691-7233
10079948,(주)유클리드소프트,채은경,대전광역시 서구 계룡로 314 (갈마동),노미선,042-335-6589
10231278,(주)네피리티,강익선,제주특별자치도 제주시 중앙로 217 (이도이동),강익선,010-****-****
10235793,아이컴시스,정기택,서울특별시 금천구 서부샛길 606 (가산동),정기택,02-2022-9000
10235860,단시스템,김경래,"대전광역시 유성구 구즉로 25 (송강동, 송강그린아파트)",김경래,010-****-****
10235879,큐버스랩,전창섭,서울특별시 마포구 월드컵북로 45 (서교동),장진호,02-336-3660
10108318,(주)브레인벤쳐스,김원회,경기도 성남시 수정구 대왕판교로 815 (시흥동),안상민,070-4128-0515
10235964,그린다에이아이,강호진,대전광역시 유성구 대학로 99 (궁동),강호진,010-****-****
10236015,주식회사 오투플랫폼,김수명,부산광역시 연제구 안연로8번길 39 (연산동),이병학,051-742-7994
10236021,주식회사 시만,신휴성,경기도 고양시 일산서구 고양대로 283 (대화동),염선,010-****-****
10108983,(주)아울네스트,정지영,서울특별시 강남구 자곡로 174-10(자곡동),성지연,010-****-****
10232281,(주)투비스,김광식,대구광역시 동구 이노밸리로 322 (신서동),김광식,053-963-9337
10232603,주식회사 디알밸류,용미숙,경기도 안산시 상록구 한양대학로 55 (사동),용미숙,010-****-****
10235156,이코브( ECOBE),지관식,충청북도 음성군 맹동면 태정로 111,지관식,010-****-****
10083003,주식회사 올트,김철순,경상남도 진주시 하대로 80 (하대동),이성진,010-****-****
10235813,주식회사 캔디데이트,임준택,대전광역시 서구 만년로68번길 15-20 (만년동),임준택,010-****-****
10004772,(주)에이엔티홀딩스,고경환,서울특별시 마포구 잔다리로 89 (서교동),박상주,02-3281-1314
10235980,에이치케이랩주식회사,최현호,경기도 안성시 중앙로 327 (석정동),최현호,031-670-5297
10077208,(주)아이티엔제이,양희종,울산광역시 남구 왕생로 99 (달동) 5층,양희종,16880720
10108959,리브릿지 주식회사,이영호,경상남도 진주시 동부로169번길 12(충무공동) 윙스타워 A동 1103호,이상휘,055-763-8183
10091734,데이터에듀,윤종식,부산광역시 해운대구 센텀북대로 60 (재송동),최유리,051-523-4566
10079170,상상인테크(주),김용수,경기도 성남시 수정구 복정로20번길 20-10 (복정동),김용수,031-752-6676
10080708,레인보우시스템,천창중,대전광역시 유성구 테크노4로 17 (관평동),천창중,05040281650
10080630,주식회사 세미콜론즈,이재호,부산광역시 금정구 금정로 225 (구서동),손창빈,070-4108-1119
10072529,세중아이에스,설진현,대구광역시 수성구 알파시티1로 169 (대흥동),이명순,070-5079-9803
10234450,주식회사 프리스타일,엄수용,서울특별시 송파구 송파대로28길 13 (가락동),엄수용,02-401-4394
10082149,(주)두플,김형수,경기도 성남시 분당구 황새울로258번길 23 (수내동) 그라테아 201호,김바울,02-6925-4080
10235465,유한회사 지신,이승엽,인천광역시 연수구 송도과학로 80 (송도동),이승엽,010-****-****
10234892,(주)디에이치,하정숙,"대구광역시 동구 동촌로 260 (방촌동, 방촌역세영리첼아파트)",윤종열,010-****-****
10235730,주식회사에네이,전재혁,서울특별시 금천구 디지털로 178 (가산동),엄태용,070-7933-1616
10074205,주식회사 참코청하,정석봉,부산 강서구 생곡동  생곡산단로39번길 6,방재문,051-256-8400
10235821,(주)이누씨,신후랑,서울특별시 금천구 가산디지털1로 168 (가산동),신후랑,02-868-4952
10233954,주식회사 빅태블릿,문지호,대구광역시 수성구 달구벌대로528길 15 (만촌동),문지호,053-424-9994
10104246,(주)카라멜소프트,최재호,경기도 용인시 기흥구 흥덕2로 15 (영덕동),최재호,031-778-6994
10234232,두드림씨엔씨(주),김종회,서울특별시 금천구 가산디지털1로 2 (가산동),김도형,070-7848-2372
10234951,주식회사 마스터웨이,김지윤,경기도 부천시 원미구 부천로198번길 18 (춘의동),김지윤,02-333-1530
10234957,디자인루니,김소희,경기도 남양주시 다산중앙로123번길 22-26 (다산동),김소희,010-****-****
10089195,(주)지안플랫폼,지석근,인천광역시 부평구 주부토로 236 (갈산동),지석근,070-8286-3537
10077227,디에스티,김정희,부산광역시 북구 만덕3로16번길 1 (만덕동) 부산이노비즈센터 206호,이안석,070-4255-1731
10077243,(주)리얼인포,윤상진,대전광역시 중구 계룡로 825 (용두동),윤상진,042-334-5000
10082555,(주)에스티,김형철,서울특별시 영등포구 선유서로24길 24 (양평동1가),도호석,02-6952-6885
10235642,(주)모아시스템즈,장한사내,서울특별시 동대문구 왕산로 200 (전농동),김성민,010-****-****
10235687,피타그래프,김훈,대전광역시 유성구 지족로364번길 19 (지족동),정동훈,02-6959-5883
10105330,(주)더원,전경한,경기도 시흥시 서해안로 242 시화하이테크 지식산업센터 510호 (정왕동),김선익,031-434-7471
10235802,주식회사 코보시스,정재형,서울특별시 송파구 송파대로 201 (문정동),김정화,070-7732-5750
10235854,이니그마(주),임현진,경기도 성남시 수정구 창업로 54 (시흥동),임현진,031-8039-7370
10235861,(주)이로지트,임사권,서울특별시 서초구 서초중앙로 114 (서초동),임사권,02-6205-1725
10235875,주식회사 엠웨이브스,명남수,경기도 안산시 상록구 한양대학로 55 (사동),이동화,031-400-3970
10235924,(주)체인리움AI,구봉회,경기도 고양시 덕양구 삼원로 63 (원흥동),구봉회,070-8671-2255
10234965,주식회사 터빈크루,전기은,전라남도 나주시 그린로 317-13 (빛가람동),전기은,010-****-****
10235395,(주)클릭천사,이영삼,서울특별시 광진구 군자로 150 (군자동),이영삼,070-3437-3350
10235630,주식회사 패턴앤,남재룡,대구광역시 북구 대학로 80 (산격동),남재룡,053-955-2563
10235565,(주)에스앤피랩,이재영,서울특별시 송파구 중대로 135 (가락동),이선표,02-2038-2511
10235764,주식회사 데브스택,장승욱,대전광역시 유성구 문지로 193 (문지동),장승욱,02-6402-0656
10235770,블록펫,한동일,경기도 성남시 수정구 위례광장로 21-12 (창곡동),박희근,010-****-****
10235376,엑스트라볼드,"최세윤, 송동석",경기도 김포시 김포한강10로133번길 127 (구래동),최세윤,010-****-****
10233395,디씨엠(DCM),구근효,경상북도 경산시 경산로 136-8 (사정동),최선진,010-****-****
10097962,주식회사 엔피비컨설팅,문영숙,서울특별시 강서구 강서로 385 (마곡동),박은미,010-****-****
10099434,(주)이프립,곽옥희,서울특별시 강남구 테헤란로87길 36 (삼성동),곽옥희,02-523-7727
10231692,(주)에스엠해썹,장성묵,경기도 오산시 독산성로 425 (세교동),장성묵,031-378-4405
10081705,(주)팜아이앤씨,조원호,경상남도 양산시 양주2길 52-1 (중부동),이동윤,055-785-3270
10105195,(주)에프앤제이,박준호,대구광역시 북구 대학로 99-4 (산격동),박준호,010-****-****
10235099,(주)소프트자이온,이준호,서울특별시 영등포구 선유로33길 15 (양평동3가),조경수,070-5001-6436
10234845,주식회사 아이웹,조준,서울특별시 마포구 매봉산로 37 (상암동),김상현,070-4048-4456
10235029,주식회사 지미션,한준섭,서울특별시 성동구 뚝섬로1길 25 (성수동1가),이승연,02-2038-8451
10234766,주식회사 써드웍스,김민지,경기도 성남시 수정구 대왕판교로 815 (시흥동),이희현,010-****-****
10230771,(주)케이비드,임원순,대구광역시 수성구 고산로18길 3 (신매동),윤도영,02-1599-7311
10076062,아이원소프트뱅크(주),황명희,서울특별시 구로구 디지털로 285 (구로동) 에이스트윈타워 1차 405호,이혜리,070-4497-3111
10076161,네모시스템즈,조영욱,경상남도 창원시 성산구 완암로 50 (성산동) SK테크노파크 넥스동 1119호,조영욱,055-231-8991
10069142,주식회사 로드피아,김기덕,경기도 용인시 기흥구 흥덕중앙로 120 (영덕동),이상덕,031-494-7706
10077772,크리샤주식회사,방병혁,서울특별시 용산구 후암로 79-1(동자동) 4층,박미선,02-747-3660
10107021,모바일앱개발협동조합,최원서,서울특별시 마포구 매봉산로 31(상암동) 에스플렉스센터 시너지움동 7층,최원서,02-1661-5108
10235817,주식회사 스페이스시프트,이동훈,서울특별시 영등포구 양산로7길 3 (양평동3가),이동훈,010-****-****
10082063,주식회사 나인닷츠컨설팅,박현철,서울특별시 마포구 상암산로 48-6 (상암동),김지훈,02-2160-6200
10235834,렛서,심규현,서울특별시 강남구 테헤란로38길 8 (역삼동),이소현,010-****-****
10092950,(주)아트만파트너스,이한수,"서울특별시 강남구 논현로76길 27, 3층 (역삼동, 에이포스페이스)",정홍림,02-573-9076
10234084,브레인웍스 주식회사,강우현,대구광역시 동구 동대구로 471 (신천동),강우현,010-****-****
10106724,신현정보통신,강국현,"경기도 평택시 평택로 262(세교동, 동성주택) 가/205",강국현,031-652-9923
10075813,울랄라랩 주식회사,강학주,경기도 안양시 동안구 엘에스로 112 (호계동) 4층 (두림야스카와 빌딩),배유빈,02-873-0010
10077527,(주)드림이앤씨,황조익,"경기도 안산시 단원구 동산로 60, 418호 (원시동, 반월공단종합상가)",최동엽,031-493-3845
10094583,(주)러닝랩,이문영,서울특별시 영등포구 당산로38길 9-4 (당산동4가),이문영,02-2637-2055
10100402,탑코어시스템,이상봉,충청북도 청주시 흥덕구 봉명로 31(복대동) 티원타워 704호,이상봉,043-272-2341
10231257,아이티 이노베이션,이태무,경상북도 김천시 혁신로 185 (율곡동),이태무,070-4800-3045
10235659,대한초음파엔지니어링,김명준,경기도 화성시 장안면 장안로309번길 56,박보경,031-434-9776
10235065,크리에이티브코드,이창윤,서울특별시 강남구 논현로30길 51 (도곡동),박상욱,02-6338-7025
10234652,주식회사 티벨,김종균,서울특별시 강남구 강남대로 354 (역삼동),이유라,010-****-****
10235087,주식회사 지오테스솔루션,신명남,경기도 고양시 덕양구 삼막3길 5 (오금동),신명남,02-1555-5528
10107917,누베스브릿지,신성일,서울특별시 강서구 공항대로 212 (마곡동),장관수,02-6346-1010
10075986,이래정보(주),한동섭,경기도 안양시 동안구 흥안대로 528 인덕원 타워B/D 701호,한동섭,070-4130-1000
10106835,로지스올엔지니어링(주),서도찬,서울특별시 마포구 마포대로 63-8 (도화동),소재민,031-983-2500
10069744,(주)굿스트림,김명호,"충청북도 청주시 흥덕구 공단로 134 (송정동), 613호",김명호,043-222-0718
10235726,(주)유니텍시스템,한창희,경기도 성남시 중원구 둔촌대로 388 (상대원동),한규현,010-****-****
10235734,알고보니,조정임,"서울특별시 송파구 문정로5길 13 (문정동, 문정동아아파트 101동)",조정임,070-8027-1880
10235692,주식회사 인트소프트,김지수,서울특별시 서초구 방배천로20길 1 (방배동),박민지,02-1661-0674
10235544,티에이치팀,김태훈,"충청북도 청주시 서원구 쌍샘로 22 (모충동, LH트릴로채)",김태훈,010-****-****
10078916,허브디티 주식회사,허필갑,충청북도 청주시 흥덕구 직지대로 530 (송정동),허필갑,043-268-6114
10234225,주식회사 두잇팜,서율,경상남도 김해시 주촌면 골든루트로 80-16,서율,070-8858-8889
10099739,아콘소프트(주),이영수,서울특별시 강남구 테헤란로70길 14-6 (대치동),김은수,02-554-0301
10102827,젠덕,김진일,충청북도 청주시 서원구 무심서로 377-1(모충동) 서원대학교 비전관 305호,김진일,043-715-3040
10076592,(주)엘렘,이현진,경기도 안산시 단원구 첨단로181번안길 20 (성곡동),이희철,031-496-0643
10096663,(주)라보테크,이석구,서울특별시 금천구 가산디지털1로 196 (가산동),이석구,02-862-9407
10104173,에너지닥터(주),박기수,서울특별시 중랑구 망우로71길 60(망우동) 2층 201호 에너지닥터(주),박기수,16618429
10231389,아이엠로보틱스(주),조성엽,대구광역시 달서구 성서공단북로 142 (호산동),송시철,053-261-5200
10231270,더브로시스템,이병우,서울특별시 성동구 무학로2길 50 (도선동),이병우,010-****-****
10235582,주식회사 디바이스넷,장치영,경기도 안양시 동안구 벌말로 126 (관양동),장명기,031-450-3535
10078890,(주)아이티엔모아,조윤형,경기도 안양시 동안구 관평로182번길 14 (관양동),조윤형,031-476-0280
10076253,주식회사 와이젠테크,박영준,서울특별시 강서구 공항대로15길 18-4 (공항동),박영준,02-2662-4664
10078586,아트라스콥코 코리아,레오나르도 비에이라 세라노,"경기도 성남시 분당구 판교역로192번길 14-1 (삼평동) 삼평동, 판교예미지빌딩 6층, 9층)",김병주,031-620-0868
10085698,(주)삼성에프에이,한귀성,광주광역시 북구 첨단벤처소로62번길 20-5 (월출동),한귀성,062-512-2043
10077814,(주)링크제니시스,정성우,"경기도 안양시 동안구 시민대로 401 (관양동,대륭테크노타운15차) 319호",송종철,070-7091-3535
10090107,가온정보기술(주),김흥덕,부산광역시 사상구 대동로 303 (감전동),김흥덕,051-313-1174
10090597,프레임소프트,이덕환,경기도 부천시 조마루로385번길 122 (춘의동) 삼보테크노타워 1409호,이덕환,070-8846-1234
10092360,SPACE SYSTEMS,김용범,경기도 안양시 동안구 시민대로 230 (관양동) (평촌아크로타워) 지니센터 D동 2957호,김용범,031-5171-3058
10231911,주식회사 엘스페이스,박홍주,경상남도 거제시 계룡로 7 (상동동),박홍주,070-7612-7962
10100107,(주)언브로,박용규,경기도 성남시 수정구 금토로80번길 11 (금토동),송성창,031-715-6888
10230826,신성정보기술,강수연,울산광역시 남구 북부순환도로 17 (무거동),김도헌,052-710-5595
10234968,(주)엑스아이커뮤니케이션즈,권도형,부산광역시 수영구 수영로536번길 31 (광안동),권도형,051-936-5700
10235564,다올엠텍,장효익,대구광역시 북구 도남길 262-11 (도남동),장효익,010-****-****
10085186,(주)엠엔에스아이씨티,김홍배,부산광역시 사상구 새벽로 218 (괘법동),김홍배,02-1800-5412
10234129,주식회사 아스콘시스템,안광태,경기도 김포시 대곶면 상마신기로41번길 37-25,임종혁,031-996-3897
10078682,아이피엘엠에스(주),오동석,인천광역시 부평구 부평대로 337(청천동) 7층  734호  부평제이타워 3차 지식산업센터,오동석,070-7773-1212
10067726,주식회사 일진,조영수,대구 달서구 이곡동 918-18번지,정상희,070-4789-4485
10235488,주식회사 마크클라우드,정상일,서울특별시 강남구 테헤란로70길 14-8 (대치동),김주현,070-4006-4871
10235494,주식회사 이담,손장락,울산광역시 중구 종가로 362-11 (교동),이민호,052-245-7900
10235527,(주)위드원아이씨티,이용근,대전광역시 서구 둔산대로117번길 66 (만년동),이용근,010-****-****
10231079,로뎀솔루션 주식회사,권영근,경기도 안산시 상록구 해양3로 15 (사동),성종환,010-****-****
10080886,(주)그랜드벨,양희창,경기도 광주시 곤지암읍 경충대로 417-11,신영미,031-764-9991
10096886,(주)솔브리드플러스,조영인,서울특별시 금천구 가산디지털1로 128 (가산동),이슬비,02-6925-0554
10221202,(주)뉴럴넥서스,유익수,충청남도 아산시 탕정면 용머리길 16,유익수,041-533-4796
10230646,지남소프트,김인수,서울특별시 금천구 시흥대로 189 (시흥동),김인수,010-****-****
10081560,(주)지앤아이,진홍근,"울산광역시 남구 삼산로 291 (삼산동,우리은행빌딩 5층)",정명국,070-7727-6415
10235145,주식회사 위캔,김치원,부산광역시 해운대구 선수촌로 65-29 (반여동),김치원,010-****-****
10235503,주식회사 타르트,박아윤,서울특별시 종로구 종로 6 (서린동),박아윤,010-****-****
10232870,주식회사 아이엔드,이시경,울산광역시 중구 종가로 362-11 (교동),김유진,010-****-****
10102973,(주)엔스마트솔루션,김영헌,서울특별시 서초구 서운로 13 (서초동),김영헌,02-598-3347
10099751,(주)명성에이앤티,황희석,충청북도 청주시 청원구 오창읍 장대길 13-16,박종혁,043-715-9580
10078894,(주)파워로보틱스,조승완,경상남도 김해시 진례면 테크노밸리로 219,조승완,055-724-2556
10235187,플링크,소두섭,전북특별자치도 익산시 금마면 제석사지로 22,소두섭,010-****-****
10005046,(주)엠비젼,이구열,충청북도 청주시 흥덕구 신성로 103 (신성동),이구열,043-273-2910
10235445,주식회사뉴엔,유승철,전북특별자치도 전주시 덕진구 기린대로 945-6 (여의동),유승철,063-211-3108
10001909,주식회사지팬스스마트로,양현석,서울특별시 강남구 테헤란로 310 (역삼동),김현민,010-****-****
10083603,(주)엔에프에이,신용관,서울특별시 금천구 가산디지털2로 43-14 (가산동),강인호,02-854-9500
10232550,주식회사 리비즈,노경석,대전광역시 유성구 테크노1로 20 (관평동),노경석,042-721-7740
10235131,지성테크,류정형,대구광역시 달서구 성서공단로39길 27 (갈산동),류정형,010-****-****
10102961,성우테크론주식회사,박찬홍,경상남도 창원시 성산구 창원대로1144번길 55(성주동) 성우테크론주식회사,도영기,055-279-8410
10235317,오엠에이곰 유한회사,이주영,대전광역시 유성구 문지로299번길 66 (문지동),김동규,042-822-9503
10235419,(주)알트투,백경훈,경기도 안양시 만안구 덕천로152번길 25 (안양동),백경훈,070-7954-2995
10070818,(주)휴빌론,이재용,서울특별시 서초구 강남대로 291 (서초동),김영준,010-****-****
10231687,(주)금도시스템,강영수,대구광역시 북구 칠성시장로 71 (칠성동2가),김덕현,070-4226-4664
10232544,(주)씨에스지시스템,김동광,광주광역시 광산구 어등대로449번길 83-9 (선암동),김승주,062-956-4081
10109109,주식회사 다바랩,"윤봉환, 정인호",서울특별시 금천구 가산디지털1로 181 (가산동),윤봉환,02-6264-9595
10098472,인공지능팩토리,송성헌,대전광역시 서구 만년로68번길 15-20 (만년동),송성헌,042-710-6451
10106808,한국애질런트테크놀로지스,유재수,서울특별시 서초구 강남대로 369(서초동) 에이플러스에셋타워 14층,권오일,080-004-5090
10080714,미주아이티,이주한,경상북도 칠곡군 동명면 봉암2길 21-42,이주한,18007462
10083236,푸름인더스트리,최광남,경기도 안산시 단원구 동산로 76 (원시동) 715,손현민,031-501-7311
10085336,(주)유니로보틱스,안승후,경기도 안산시 상록구 안산대학로 155 (일동) 창업보육센터 503,안승후,070-8680-8638
10232576,주식회사 프레쉬테크,문창섭,제주특별자치도 제주시 오광로6길 8 (이호이동),신한솔,010-****-****
10231709,(주)이지오피스,최성철,경기도 수원시 영통구 광교중앙로248번길 95-5 (하동),김연희,070-5001-3291
10104630,(주)디에이치티,정성욱,"경상북도 구미시 산동읍 첨단기업1로 17, 혁신관 205호",정성욱,054-473-3833
10234807,(주)위치스,고미아,광주광역시 남구 송암로24번가길 46 (송하동),김대우,062-365-0224
10234454,가람정보기술(주),조성재,광주광역시 북구 첨단과기로208번길 43-22 (오룡동),조성재,062-975-0489
10234758,주식회사 탑테이블,유현주,서울특별시 마포구 성암로 330 (상암동),김보영,02-3661-0331
10095743,(주)이엔에스티,박헌국,충청남도 천안시 서북구 불당36길 63 (불당동),박헌국,055-713-5353
10099545,주식회사 크레오티,강은서,서울특별시 중랑구 동일로159길 21 (묵동),장성환,02-533-2476
10076811,(주)이노소프트기술,최승실,서울특별시 성동구 아차산로17길 57 (성수동2가),김재천,02-6466-5810
10076953,(주)인타운,배준희,부산광역시 해운대구 센텀6로 21 (우동) 401호,김정희,051-742-2368
10077029,(주)임베디드솔루션,이선복,충청북도 청주시 흥덕구 공단로 134 (송정동) 세중테크노밸리 209호,양원우,043-277-6171
10085359,(주)이지원플러스,성낙균,경기도 화성시 마도면 석교로157번길 6-7,성낙균,031-509-3652
10235125,(주)기댐아이티,박종호,서울특별시 강서구 마곡중앙로 59-9 (마곡동),이종호,010-****-****
10235311,주식회사 씨맵,김명수,경기도 이천시 백사면 원적로618번길 355,김명수,010-****-****
10089980,(주)세주에프에이,채영진,서울특별시 금천구 가마산로 96 (가산동) 대륭8차 807호,채성훈,02-2163-0551
10234986,주식회사 엠티에스티,권정호,경기도 군포시 군포첨단산업2로7번길 8 (부곡동),권정호,031-342-5600
10069120,엔솔루션스,권재학,서울특별시 금천구 디지털로9길 32 (가산동) 갑을그레이트밸리 A-1004,김민정,02-3461-6915
10088074,(주)더더씨앤씨,이동률,서울특별시 강서구 마곡중앙6로 66 (마곡동),이동률,02-707-1777
10077645,주식회사 이지아이,우동균,부산광역시 강서구 명지국제8로10번길 16 (명지동),김행곤,051-988-2017
10094522,써모피셔사이언티픽코리아 주식회사,석수진,서울특별시 강남구 광평로 281 (수서동) 수서오피스빌딩 11층,전민구,02-3420-8613
10098516,주식회사 뉴젠솔루션,장선수,서울특별시 영등포구 경인로 755 (문래동3가),하성준,02-3270-6293
10230684,주식회사 마이스,이효은,충청남도 아산시 배방읍 희망로46번길 11-16,오효석,070-7017-1615
10230395,에스앤지,안 석철,충청북도 청주시 청원구 팔결로145번길 8 (오동동),안석철,010-****-****
10235097,주식회사 디아이텍,이경민,충청남도 아산시 음봉면 월암로 336-61,박가은,041-425-0185
10064346,(주)매직시스템,임기선,경상남도 창원시 성산구 완암로 50 (성산동),강두녕,055-274-1479
10235208,주식회사 딜리코,김서윤,충청남도 아산시 배방읍 휴대세교길 100-9,김주은,02-1522-7517
10085365,(주)이에스피,김영민,"울산광역시 중구 종가로 362-11, 704-1호 (교동)",배세준,031-365-4005
10094079,성진아이앤드티,박기철,서울특별시 금천구 벚꽃로 286 (가산동) 1105호,신지철,02-2026-7250
10085018,유피아이,임광현,대구광역시 달서구 성서공단로51길 51(장동) 유피아이,임광현,053-584-3010
10234963,이지원랩스 주식회사,이동훈,부산광역시 강서구 과학산단1로60번길 30 (지사동),이동훈,010-****-****
10075769,자이솜,조창희,대전광역시 유성구 테크노3로 43 (관평동),김경래,042-335-4560
10069364,(주)새힘정보기술,한종호,충청북도 청주시 흥덕구 오송읍 오송생명1로 194-41 기업연구관 2동 406호,장병훈,043-217-9953
10235070,주식회사 모티버,황성원,대구광역시 수성구 알파시티1로35길 17 (대흥동),황성원,070-4756-1051
10104511,한미사이언스,김재교,경기도 화성시 팔탄면 무하로 214,정형진,02-410-0671
10067942,베텍,최영준,대전 유성구 관평동 1311,최영준,042-935-3722
10088048,주식회사 소나무정보기술,최재영,부산광역시 부산진구 엄광로 176(가야동) 동의대학교 산학협력관 331호,허근구,051-714-0104
10071130,(주)씨이랩,이우영,서울특별시 강남구 언주로 617 (논현동),김에스더,02-2039-3145
10235214,(주)에스덕,양장엽,대구광역시 북구 대학로 99-4 (산격동),양장엽,010-****-****
10233739,주식회사 자이드테크,김승환,인천광역시 연수구 송도문화로 119 (송도동),고현민,010-****-****
10235052,주식회사 보령제어시스템,이대형,충청남도 보령시 웅천읍 산업단지길 10-99,이대형,041-931-2200
10076118,주식회사 팜소프트,최석중,"경기도 광명시 일직로 43(일직동) GIDC  C동 2115, 2116호",김동중,02-877-6636
10078633,(주)지영커뮤니티,김영나,"서울특별시 송파구 가락로 266 (방이동), 4층 401호",박용배,02-588-7942
10234878,(주)유니쿼스,박정완 외 1명,서울특별시 영등포구 선유로49길 23 (양평동4가),권태윤,02-2675-3089
10235118,주식회사 제이에스브레인,유준상,서울특별시 금천구 벚꽃로 298 (가산동),유준상,070-8019-0656
10235162,윌콘에이아이 주식회사,하정은,경기도 성남시 분당구 서현로180번길 13 (서현동),하정은,031-781-6900
10076834,(주)마리소프트,김인성,경상남도 창원시 의창구 북면 천주로 463,서정,055-285-1702
10109019,(주)플로시스,엄상수,"경기도 화성시 팔탄면 온천로 528-8, B동",강동근,070-5143-0489
10107241,(주)아라,김진배,충청남도 천안시 동남구 풍세면 풍세산단로 233,송두석,041-418-9678
10231155,주식회사 비즈프로,손영화,경상남도 양산시 명곡로 321 (명곡동),황용호,010-****-****
10234418,(주)디피니트,김도환,"서울특별시 마포구 월드컵로14길 28 (서교동, 고래빌딩)",김도환,010-****-****
10234866,주식회사 아티젠스페이스,서영선,서울특별시 강남구 테헤란로43길 8 (역삼동),고윤수,010-****-****
10235138,주식회사 딥아이,김기수,울산광역시 울주군 언양읍 유니스트길 50,오종명,070-8287-0637
10102979,주식회사 경안써머텍,엄상수,경기도 화성시 팔탄면 온천로 528-8,강유진,031-354-4271
10106194,(주)현일렉트릭소프트,김현,서울특별시 광진구 용마산로1길 58 (중곡동),김현,070-5227-4971
10104223,(주)임팩티브에이아이,정두희,경상북도 포항시 북구 흥해읍 한동로 558,최은영,02-563-9877
10099497,(주)비앤디컨설팅,이오상,부산광역시 동구 고관로 5 (초량동),윤왕식,051-464-1222
10235160,주식회사 데이타트렌드,표성수,서울특별시 마포구 양화로 183 (동교동),표성수,010-****-****
10235164,(주)레벤그리다한국문화다양성연구원,강현주,부산광역시 남구 신선로 365 (용당동),강현주,051-923-2205
10068804,주식회사 에이스이앤티,김대환,울산광역시 남구 테크노산업로81번길 14 (두왕동),김병석,052-233-0014
10081536,(주)뉴젠아이엔에스,박상규,부산광역시 해운대구 센텀중앙로 60 (우동),박상규,051-714-5640
10085506,(주)에프엠코리아스,성민경,경기도 용인시 기흥구 중부대로 184 (영덕동),김우종,031-281-3970
10089032,아이디비 주식회사,민보경,서울특별시 강남구 테헤란로33길 35 (역삼동),민보경,070-4388-7030
10075787,블루비즈랩,안용호,서울특별시 송파구 법원로 127(문정동) 2층,정미진,02-6956-4761
10231072,예스넷,박승주,경기도 안양시 동안구 벌말로 66 (관양동),박성하,010-****-****
10108069,(주)코어스,박진호,경기도 용인시 기흥구 중부대로 579(구갈동) 508-H03호,박진호,02-1661-0619
10108881,데이콘인피니티,이장호,서울특별시 영등포구 문래북로 116(문래동3가) 703~704호,조현오,02-780-1813
10235143,주식회사 펀리햅,안영상,전북특별자치도 전주시 덕진구 만성북로 21-26 (만성동),안영상,010-****-****
10234077,주식회사 웨인,박성빈,인천광역시 연수구 컨벤시아대로 204 (송도동),박성빈,010-****-****
10235098,(주)이노킵,손형민,경기도 성남시 수정구 창업로40번길 20 (시흥동),손형민,070-8064-3411
10108176,에잇핀,박규태,경기도 성남시 분당구 판교로289번길 20 (삼평동),정혜임,031-8023-9874
10076377,(주)리코시스템,정원근,울산광역시 중구 종가로 15 (다운동),정원근,052-227-4530
10085598,(주)프로티앤씨,김종태,경기도 화성시 세자로396번길 57 (안녕동),황주현,031-221-0157
10235088,(주)사이버라인,백해기,서울특별시 서초구 사임당로 173 (서초동),박진영,02-572-8400
10235015,주식회사 뉴젠스,"임영필, 김재일",경기도 과천시 과천대로7길 20 (갈현동),김현권,02-6247-3901
10235067,이우코퍼레이션 주식회사,이천구,경기도 성남시 분당구 대왕판교로 670 (삼평동),김은영,010-****-****
10091843,스마트마인드 주식회사,이상수,서울특별시 강남구 삼성로104길 17 (삼성동),유미리,070-7151-9357
10056781,(주)에이시에스,김상하,서울 금천구 가산동 371-6 가산비즈니스센터 8층,이다솜,02-6900-4629
10108142,테솔로,김영진,인천광역시 연수구 컨벤시아대로 165(송도동) 포스코타워 26층 브이454호,김영진,02-6914-6620
10088233,에스포텍,변상일,대구광역시 달성군 다사읍 세천북로18길 42-5,변상일,053-585-0157
10234184,인텔리웨이브,정인종,경기도 안양시 만안구 덕천로152번길 25 (안양동),정인종,031-420-2140
10101498,(주)비즈플러그,윤영권,서울특별시 강서구 양천로47길 40 (마곡동),윤영권,02-424-0303
10234802,에프티에스 주식회사,김상규,서울특별시 송파구 올림픽로 493 (풍납동),고이내,010-****-****
10234974,(주)브이알미디어,정우락,서울특별시 금천구 가산디지털1로 225 (가산동),정우락,02-6242-8416
10103243,주식회사 틸다,정지량,서울특별시 서초구 매헌로 16 (양재동),정지량,02-6080-2025
10084801,블루마린시스템(주),이광수,부산광역시 강서구 화전산단5로 15 (화전동),김창묵,051-832-0905
10234096,다빈치,팽동은,"서울특별시 강남구 봉은사로 125 (논현동, 리스트 강남(List Gangnam))",팽동은,010-****-****
10234841,주식회사 프로웹,심승욱,대구광역시 동구 장등로 76 (신천동),류창우,02-1661-1287
10234832,(주)아이앤씨파트너스,곽준철,서울특별시 강서구 강서로 391 (마곡동),김재범,010-****-****
10234954,주식회사 큐링스(Q-Lynx),강민석,경기도 용인시 기흥구 강남로 9 (구갈동),정홍재,010-****-****
10107773,(주)이앤지테크,양승해,강원특별자치도 춘천시 후석로420번길 7 (후평동),양승해,033-252-8787
10077882,주식회사 넥스에이아이티,허현숙,"경상남도 김해시 주촌면 소망길 88, 202호 (경남테크노파크 시험생산동 1) ",오현철,070-4006-3558
10232528,주식회사 C&S ICT,최상현,서울특별시 금천구 서부샛길 606 (가산동),최상현,010-****-****
10233677,기획공방,신은철,"울산광역시 중구 화합로 388 (반구동, 세한프리빌Ⅱ)",신은철,052-713-6863
10001987,주식회사 에프원테크,윤형규,경기도 안성시 양성면 만세로 712,최다빈,010-****-****
10095005,(주)교은테크,천혜숙,경기도 화성시 봉담읍 복만터길 14,김학성,031-297-6818
10102562,에스피앤지(주),이정림,부산광역시 사상구 가야대로213번길 9(주례동),허성욱,051-322-0004
10104577,청아 시스템,김태훈,경상남도 창원시 성산구 완암로 50 (성산동),김태훈,055-713-2647
10231202,주식회사 유비즈,유한주,대구광역시 달성군 현풍읍 테크노대로4길 40,유어현,053-583-7500
10234311,하나시스템,강영희,경상북도 구미시 산호대로 154-44 (공단동),김형은,010-****-****
10234776,주식회사 벽촌,정민철,서울특별시 동작구 상도로55길 8-3 (상도동),정민철,010-****-****
10234177,지산테크,이무용,경기도 시흥시 시화벤처로 313 (정왕동),강 인수,031-499-3010
10078794,(주)윈티앤에스,최기수,경상북도 포항시 북구 흥해읍 달전로5번길 106-6,최경은,054-223-2596
10075327,(주)이맥스정보기술,여성구,"부산광역시 사상구 모라로 22 (모라동), 부산벤처타워 807호",여성구,051-609-9176
10094299,주식회사진영비엔씨,김세창,경기도 시흥시 매화산단3길 58 (매화동),김세창,031-404-9617
10230488,보틀즈,한창훈,경기도 화성시 동탄대로 706 (영천동),한창훈,010-****-****
10098451,(주)에핀,전영미,부산광역시 사상구 주례로 47 (주례동),전영미,051-715-6682
10008040,아이케이텍,박범환,인천광역시 서구 이든1로 15 (오류동),강혜영,032-681-9897
10234183,엠서클,김승수,서울특별시 강남구 봉은사로114길 12 (삼성동),조 준,010-****-****
10077290,주식회사 한국네트웍스,조영민,경기도 성남시 분당구 판교로 286 (삼평동) 4층,김건우,031-5178-8374
10096388,주식회사 태성소프트기술,오재무,부산광역시 북구 만덕3로16번길 1 (만덕동) 부산이노비즈센터 401호,오재무,051-911-2109
10076718,주식회사 로픽,이윤규,인천광역시 동구 염전로40번길 40-38 (송림동),김용석,032-875-3270
10064911,원일파템,이상인,대구광역시 달서구 성서공단로 194-16 (월암동),이상열,053-585-4471
10080098,(주)컴젠,김범진,서울특별시 중구 서소문로 103 (서소문동) 배재빌딩 5층 525호,이래연,02-777-8057
10096374,(주)새롬테크,김은정,서울특별시 영등포구 신길로41라길 8-1 (신길동) 401호,김은정,031-707-4869
10234823,(주)메타랩스,신우진,인천광역시 연수구 센트럴로 313 (송도동),신우진,050-4332-3545
10081700,(주)글로벌제조혁신네트웍,김현종,인천광역시 연수구 인천타워대로 323 (송도동),이재로,070-5097-3151
10083998,주식회사 디엠테크솔루션,황수정,"경기도 화성시 동탄기흥로 602, 14층 1401호(영천동)",최영훈,031-8055-7815
10075981,공유씨앤씨(주),임장춘,경기도 안양시 동안구 엘에스로116번길 25-32 (호계동),임장춘,070-4192-6006
10077514,(주)아이언오토메이션,장철구,경기도 광명시 일직로 43 (일직동),최경민,02-6447-2886
10086252,인콘소프트,천호영,경기도 안산시 상록구 광덕1로 362 (이동) 한양프라자 514호,천호영,031-4075-9890
10081777,(주)베이스온,한상훈,경기도 안산시 단원구 광덕1로 193 (고잔동),한상훈,031-507-2533
10234209,(주)우리요,최영,전북특별자치도 전주시 완산구 홍산남로 75 (효자동3가),최영,070-4267-0721
10234593,(주)케이디에스,김동진,경상북도 구미시 지주중류길 6 (오태동),김순영,010-****-****
10076842,(주)한밭아이오티,정진해,대전광역시 동구 계족로 151(대동) 대전지식산업센터 402호,이창혁,042-931-9307
10234775,씨에스쉐어링 주식회사,임지은,서울특별시 강서구 마곡중앙1로 10 (마곡동),김진수,02-2266-4100
10107798,솔루션랩,이경훈,대전광역시 서구 둔산중로 20(탄방동) 나비가아르누보팰리스 A동 1203호,권오동,042-628-0789
10232013,이에스텍,김태호,대구광역시 수성구 알파시티1로40길 14 (대흥동),김태호,053-765-4092
10094954,(주)큐센텍,강광운,"강원도 강릉시 과학단지로 106-46 (대전동), SOP지원센터 304호",한만교,070-8280-2325
10086290,제이시스템,전상혁,인천광역시 서구 가남로 61 (가좌동) 토지산업2차 지식산업센터 A동 209호,전상혁,010-****-****
10087089,주식회사포인트시스템,장명준,경기도 부천시 석천로 397 (삼정동) 부천테크노파크쌍용3차 302동 501호,김영미,02-1544-6587
10234260,주식회사 플레이파크,박건웅,경상남도 창원시 의창구 평산로 33 (팔용동),김도형,010-****-****
10232598,주식회사 아트봇,이지현,경기도 안산시 단원구 풍전로 37-9 (원곡동),최윤용,02-1522-6017
10234416,어텀테크,박지혜,경기도 화성시 동탄영천로 101 (영천동),박지혜,031-526-7448
10234784,(주)매트로텍,노정호,서울특별시 서초구 사임당로 139 (서초동),노정호,02-581-7577
10230226,주식회사파인더아이,박마중,서울특별시 금천구 가산디지털1로 145 (가산동),유성우,070-8899-2480
10077436,티에이케이정보시스템,강기원,"서울특별시 강서구 마곡동로10길 7 (마곡동, 한국도레이R&D센터) 4층",지수진,070-4473-8631
10234551,현진에프에이,이수현,경기도 안산시 단원구 화랑로 402 (고잔동),이수현,031-365-4116
10234752,오성테크,최경희,경기도 안산시 단원구 진흥로38번길 33 (성곡동),오희남,031-431-6727
10234772,(주)아쿠온,김종성,경기도 시흥시 거북섬북로 54 (정왕동),이동휘,031-313-2223
10076083,(주)국진과미래,배점호,경기도 부천시 삼작로177번길 67 (내동),조승연,032-676-1781
10077778,(주)캐드정보기술,김무수,부산광역시 북구 백양대로1050번가길 12 (구포동) 부강빌딩3층,강다현,051-338-0585
10078288,(주)아이엠티에프에이,김규원,경상남도 김해시 서김해산단로 88 (명법동),김하섭,055-342-7009
10077413,주식회사 부현,차형오,부산광역시 동구 중앙대로389번길 16 (수정동),김수선,051-633-9633
10075984,라온로보틱스,하동근,부산광역시 기장군 장안읍 반룡산단로 33,김영수,051-522-5140
10077265,(주)사람과기술,김영찬,경상남도 창원시 마산회원구 봉암북7길 21 (봉암동) 4동 404호,강기민,055-259-5961
10076562,(주)제이원로보틱스,강동원,충청남도 천안시 동남구 삼룡4길 58-16 (삼룡동),성지훈,041-587-8567
10085796,주식회사 에이치앤케이이앤지,황여복,전라남도 장성군 남면 나노산단로 109,이재영,062-719-3378
10085991,(주)컴파스시스템,최기정,서울특별시 금천구 가산디지털1로 205-27(가산동) A1타워 712호,이준원,070-7012-1937
10080903,(주)팩토리아이씨티,김현구,"경상남도 창원시 의창구 창원대로18번길 46, 11층 (팔용동, 경남창원과학기술진흥원)",김현구,055-253-7895
10076992,중원주식회사,김우겸,경기도 안산시 단원구 산단로163번길 23 (원시동),고영만,031-481-0390
10089215,에이치앤피테크놀로지(주),이광섭,"경상북도 구미시 수출대로 152 (공단동) 408호(공단동, 세원테크노밸리)",이광섭,054-464-2911
10095003,(주)에이치케이텍,최성호,경기도 화성시 향남읍 발안로 499-41,박민호,02-2681-1533
10231619,실크라인,정완준,충청북도 음성군 맹동면 초금로 182-16,심홍철,043-878-0723
10001824,(주)연암테크,엄주성,경상남도 창원시 성산구 연덕로 36 (웅남동),장제필,055-270-7678
10231636,코로아이(주),서중교,경상남도 창원시 성산구 연덕로15번길 83 (웅남동),윤태영,055-266-8339
10231661,(주)에스케이팩,이익희,경기도 광주시 초월읍 현산로361번길 13-8,윤태선,031-763-8899
10082545,한보일렉트(주),임흥순,경기도 화성시 양감면 초록로 706,박정인,031-8059-2510
10233157,엠코전자,김찬용,경기도 광명시 일직로 43 (일직동),정성일,02-6952-1527
10094145,(주)아이솔,김효진,대구광역시 달서구 성서공단로11길 62 (호산동),김효진,053-322-1251
10221037, 주식회사히어로봇,박모정,경상북도 구미시 옥계2공단로 29 (황상동),김택서,054-716-1120
10234590,(주)아이비플러스,지성근,경기도 성남시 분당구 석운로 201-4 (석운동),황인산,031-705-4775
10234705,(주)탑에이테크놀로지,김대유,인천광역시 연수구 벤처로12번길 34 (송도동),이왕주,032-812-7771
10234666,에이세스,김복귀,경기도 안산시 단원구 산단로 107 (원시동),최영방,031-508-9755
10234708,신원테크 주식회사,권오규,대구광역시 달성군 다사읍 세천로10길 15-9,권오규,070-4108-7645
10105910,(주)준테크윈,김태원,충청남도 천안시 서북구 성환읍 성환21길 11,김태원,041-585-4755
10234658,(주)시정,채신태,대전광역시 유성구 테크노3로 65 (관평동),김건우,042-933-5520
10234139,서진이엔지,박병훈,대구광역시 달서구 성서공단남로36길 27 (월암동),박병훈,053-581-9638
10234682,캠아이 주식회사,이찬수,경상북도 경산시 대학로 280 (대동),최문석,053-817-7773
10234723,주식회사 에스에스알,김진한,대구광역시 달서구 성서공단남로 37 (월암동),김진한,010-****-****
10234733,예도오토메이션,김병민,대구광역시 달서구 달구벌대로226길 10 (신당동),김병민,053-581-2655
10234735,머이리컴퍼니,전윤희,경상북도 영천시 금호읍 대구대길 333,김민수,010-****-****
10102859,주식회사에코플랜,김영선,경기도 화성시 동탄첨단산업1로 63-12 (영천동),김영선,031-8014-2588
10234739,주식회사 에이앤디텍,안병운,경기도 화성시 송산면 송산포도로 676-17,안병운,010-****-****
10234741,주식회사 엘라인,김진형,경상북도 구미시 수출대로 152 (공단동),이응수,010-****-****
10234743,(주)두산하이텍,장재백,경상북도 경산시 진량읍 당곡2길 70,장상화,010-****-****
10234191,모디엔지니어링,조헌률,경상북도 구미시 3공단1로 289-20 (임수동),조헌률,010-****-****
10234747,주식회사 브이큐브,김태훈,경기도 화성시 동탄대로 683 (영천동),김태훈,070-4300-7830
10234699,엔엑스이티,나재석,충청남도 천안시 서북구 직산읍 직산로 136,나재석,010-****-****
10108662,데바,최영호,경기도 오산시 가장산업서북로 110-23(지곶동),이진민,031-378-4524
10234761,주식회사 올원,양덕진,경기도 화성시 동탄순환대로 878 (영천동),안종범,010-****-****
10008333,(주)원종,노진구,경상남도 김해시 대동면 대동산단8로 135,이원일,055-338-1279
10084542,ABB 코리아,최준호,서울특별시 강남구 테헤란로 521 (삼성동),이승춘,010-****-****
10076142,(주)제니스정보기술,이용재,경상북도 구미시 구미대로 350-27 (신평동) 경북산학융합본부 201호,이용재,054-463-7984
10077606,(주)바질컴퍼니,황희경,부산광역시 사상구 모라로 22 (모라동) 부산벤처타워 1504호,김진훈,051-609-9633
10085135,주식회사 맨앤로봇,박정우,광주광역시 광산구 소촌로85번길 40-15 (소촌동),권보관,070-7733-9530
10085057,(주)제이지컴퍼니,박양승,전라남도 나주시 문화로 244 (빛가람동) 서담빌딩 801호,박양승,062-376-0885
10099091,주식회사 비츠로시스,이기재,서울특별시 구로구 디지털로31길 20(구로동) 802호 에이스테크노타워5차,문대황,02-460-2000
10100222,이노오토텍,최혜정,경상북도 칠곡군 지천면 금송로 60 창업벤처관,김재준,053-215-6506
10099974,(주)플레이오니,우제학,"서울특별시 서초구 서초대로70길 32 (서초동, 코오롱스포렉스) 신관3층",우주한,02-521-3939
10104394,로봇밸리,박명환,경상남도 창원시 성산구 창곡로 132(신촌동),오소영,055-286-9245
10104525,(주)디비에스아이,강병대,전라남도 영암군 삼호읍 대불산단6로 293,강동철,061-461-4688
10108563,주식회사 엔티로보틱스,김지선,서울특별시 금천구 가산디지털2로 165(가산동) 백상스타타워2차 508호,임일,02-863-2070
10109209,오리진 주식회사,박장훈,경기도 군포시 군포첨단산업2로7번길 8 (부곡동) 1027호,이유정,031-342-1202
10231553,세명하이테크,이한주,경상남도 양산시 상북면 석계산단6길 135,정연길,055-375-1588
10234645,오에스알앤디주식회사,권오수,울산광역시 북구 산성로 40 (효문동),이지홍,010-****-****
10080598,(주) 케이피엠,이정훈,경상남도 김해시 상동면 상동로375번길 80-113,이원민,055-723-4530
10089553,에스엠에이티(주),김성문,"경상남도 창원시 마산합포구 3·15대로 298, 307호 (서성동)",박인화,055-256-7650
10232255,주식회사에어풀,이희렬,충청남도 천안시 동남구 신촌로 24 (신방동),김용수,051-900-1501
10232453,디파인시스템 주식회사,백진구,경상남도 창원시 마산회원구 내서읍 광려천남로 59,이홍재,055-261-7759
10232662,한비솔루션,조동준,경상남도 창원시 의창구 차룡로48번길 44 (팔용동),조동준,070-7954-4586
10231609,(주) 진성엠텍,정강현,경상남도 김해시 진례면 서부로 909-32,팽규석,055-343-8600
10231620,(주)로보틱스,김성수,경상남도 김해시 진례면 고모로324번길 124,김성수,055-337-3434
10232053,주식회사 미러웍스,이해동,인천광역시 부평구 무네미로448번길 56 (구산동),이종민,032-505-2119
10234160,주식회사 에이플,한성호,대전광역시 유성구 테크노1로 42 (관평동),한성호,042-385-3375
10234196,아이마인드 주식회사,조재원,서울특별시 마포구 월드컵북로 75 (성산동),조재원,010-****-****
10231579,(주)마루테크,정원식,대구광역시 북구 오봉로22길 9 (침산동),김대기,053-358-5711
10234302,주식회사 제이와이시스템,이상호,경기도 안산시 단원구 풍전로 37-9 (원곡동),이상호,031-493-3641
10234110,(주)라임씨에스아이,조지숙,경상남도 창원시 성산구 중앙대로61번길 4 (중앙동),김상석,010-****-****
10234333,(주)에프나인시스템,김철구,대구시 달서구 성서공단로47길12(장동),황여진,053-591-1990
10234335,에이투에스 주식회사,정경수,경기도 화성시 송산면 송산산단2길 76,허현,031-366-7051
10234355,디엑스랩즈 주식회사,김종현,경기도 수원시 영통구 영통로 237 (신동),심준홍,031-893-6540
10234449,(주)힌지온,박남신,경기도 화성시 동탄영천로 101 (영천동),박남신,010-****-****
10234482,(주)우리웍스,김균동,부산광역시 해운대구 APEC로 17 (우동),김성수,010-****-****
10234543,(주)에이스이엔지,강현선,대구광역시 달서구 달서대로85길 41 (호림동),김해식,053-587-3060
10234559,에스엠텍,김현복,경기도 안산시 상록구 충정공길 28-6 (사사동),이윤경,070-7570-4895
10084235,에스제이 에레츠,조성천,경기도 군포시 엘에스로182번길 15 (산본동),에스제이 에레츠,031-8068-8800
10234654,주식회사 이래,윤종호,경기도 평택시 청북읍 드림산단5로 12,김호연,031-684-5630
10067500,주식회사 김포산업,방의규,경기도 김포시 통진읍 김포대로2344번길 55,고낙관,031-982-5550
10234477,바로웨이 주식회사,이일범,경기도 파주시 광탄면 장지산로368번길 69-73,이일범,070-4300-1644
10234679,주식회사 티엠에스인더스트리,조윤호,경기도 안양시 만안구 덕천로152번길 25 (안양동),조윤호,031-344-0327
10099477,주식회사이엘피,오영길,대구광역시 서구 염색공단로 12 (비산동),오영길,053-353-4991
10234683,(주)원셀로보,최현진,대구광역시 달성군 유가읍 테크노순환로1길 13-8,이태호,053-285-2900
10234675,(주)에스엘티,임윤식,경상북도 경주시 외동읍 문산공단안길 26-21,김영훈,054-777-6738
10234701,하이퍼레이저,천예표,경기도 평택시 서탄면 서탄로 307-1,천예표,010-****-****
10231330,주식회사 타스,이승건,대구광역시 북구 3공단로 239-8 (노원동3가),백승민,053-383-5394
10234721,(주)베터이엔지,양민구,경기도 안산시 단원구 신원로 181 (성곡동),이성용,031-431-3111
10064185,(주)버텍스아이디,홍순철,서울특별시 송파구 법원로11길 7 (문정동) 현대지식산업센터 C동 706~710호,정주현,02-3446-0337
10075676,(주)포스텍,전용운,"경상남도 창원시 의창구 중앙대로228번길 6 (신월동), 2층",송우진,055-212-7038
10082332,인버터기술(주),임종연,전라남도 완도군 완도읍 농공단지1길 53,이의빈,062-522-3260
10075749,에이치에스소프트(주),박명석,인천광역시 연수구 송도과학로 56 (송도동) bt센터 1004호,신경호,032-831-5241
10084728,(주)피케이씨소프트,박경찬,경상북도 경산시 하양읍 가마실길 50,박경찬,053-851-9006
10076303,주식회사 에이비에이치,한아람,울산광역시 중구 종가로 406-21(복산동) D동 203~206호,배정윤,052-277-9855
10085154,(주)영일메카텍,김영삼,"대전광역시 유성구 지족북로66번길 74, 3층",안원복,042-826-4135
10095517,비엘두주식회사,정화영,부산광역시 강서구 미음국제5로라길 10 (미음동),윤정한,051-832-1203
10095071,포메이션랩스,한창근,경상남도 창원시 성산구 중앙대로228번길 6(신월동) 센트랄빌딩 4층,조기영,055-290-3531
10099371,(주)오토기기,노성득,서울특별시 광진구 천호대로 690 (구의동) 5층,곽상준,02-2299-3406
10103414,실버태그 주식회사,옥은택,경기도 군포시 흥안대로 7 (금정동),정주호,070-4144-0311
10103795,주식회사 지먼트,최윤구,경기도 화성시 동탄첨단산업1로 27 (영천동),최윤구,031-376-5308
10104457,유영테크놀로지,손윤영,경상남도 창원시 성산구 연덕로27번길 42(웅남동),정종훈,055-286-0395
10104710,(주)코리아엔지니어링,김종신,경기도 안산시 상록구 동막1길 20 (장상동),최정민,031-411-6052
10105304,디티패스(주),나민영,인천광역시 부평구 평천로255번길 13(청천동) 부평테크노파크M2지식산업센터 10층 1009호,도승철,032-872-2203
10105997,(주)윈텍에스에이,이인식,"경기도 수원시 영통구 신원로 88(신동) 101동 1106호(신동, 디지털엠파이어2)",김중미,031-695-5890
10107066,주식회사 와이씨코퍼레이션,김유천,서울특별시 성동구 연무장9길 10(성수동2가),전호영,02-465-6612
10230512,진성알엔디(주),송재륜,광주광역시 광산구 진곡산단3번로 1-14 (진곡동),박광섭,062-951-3851
10085505,(주)이루에프에이시스템,성병일,대구광역시 달서구 달서대로109길 20 (신당동),성병일,053-592-5808
10007208,"주식회사 디티케이(DTK Co., Ltd)",이연형,경상남도 창원시 의창구 죽전로 7 (팔용동),조현주,055-292-0560
10005112,엘에스티라유텍 주식회사,김정하,서울특별시 강남구 학동로5길 7 (논현동) CK빌딩 2~7층,권진철,02-3461-6532
10077787,주식회사 유일전산,김응환,서울특별시 금천구 디지털로 121 (가산동) 에이스 가산타워 806호,정세교,02-761-0758
10083850,(주)샤인소프트,신광배,경기도 용인시 기흥구 기흥로 58-1 (구갈동),신미나,031-328-2855
10074902,(주)미라콤아이앤씨,강석립,서울시 송파구 올림픽로35길 123 향군타워 10층,차상필,02-3011-2334
10075599,엘에스일렉트릭(주),구자균,경기도 안양시 동안구 엘에스로 127 (호계동) LS타워,김용민,02-2034-4664
10086905,(주)월드웰,선학규,인천광역시 계양구 서운산단로1길 67 (서운동),조성태,070-4351-0867
10075212,에임시스템,정연선,경기도 성남시 분당구 황새울로 246 (수내동),장현주,02-3461-4976
10088303,(주)노스텍,임유진,서울특별시 성동구 천호대로 432 (용답동),정권수,02-6213-8969
10085387,(주)휴템,신홍수,"서울특별시 금천구 가산디지털2로 115 (가산동), 대륭테크노타운 3차 302호",이용권,02-855-2277
10091628,(주)진승테크,김용수,경상남도 창원시 의창구 차룡로48번길 44 (팔용동),송진호,055-266-1317
10093415,아비만엔지니어링 주식회사,강성열,경기도 화성시 팔탄면 푸른들판로567번길 34,고덕영,031-659-9100
10085749,(주))알엠에이,김경미,부산광역시 연제구 쌍미천로 149-1 (연산동) 3층 (주)알엠에이,정우근,051-714-6892
10079308,(주)팜존에스엔씨,천승우,경기도 안양시 동안구 시민대로109번길 29 (호계동),천승우,031-348-5556
10082968,(주)닉스앤블루,김익준,경기도 군포시 고산로 166 (당정동),김익준,031-477-9813
10077080,지엔지소프트(주),김종철,"경기도 안산시 단원구 광덕4로 116 (고잔동), 대덕프라자 409호 ",김종철,031-342-5001
10078023,(주)투톤,"이종석, 김태환",경상남도 양산시 물금읍 부산대학로 122 3층 303-1,김태환,070-4647-3922
10088323,(주)에스디테크,김상길,광주광역시 북구 첨단과기로 123 (오룡동) 기업지원센터 A동 104호,김상길,062-416-5345
10064021,시스웨어,양대진,서울특별시 강서구 마곡중앙6로 40 (마곡동) 6층,신종창,070-5172-8941
10079778,(주)쿼티시스템,김하영,서울특별시 금천구 가산디지털1로 30 (가산동) 203,박성윤,02-858-5520
10088967,강한솔루션,김일동,경기도 수원시 권선구 산업로 198(고색동) 수원델타원지식산업센터 715호,김일동,070-8751-0401
10089558,주식회사 이맥스에스엔시,양영철,경기도 군포시 엘에스로 175 (산본동) 에스에이타워 307A호,양영철,031-454-9960
10093381,(주)씨엘씨테크,김주영,서울특별시 서초구 바우뫼로39길 67-17 (양재동),김주영,02-576-5467
10095057,"에스아이솔루션(S,I솔루션)",윤영균,경기도 화성시 봉담읍 최루백로 72,윤영균,070-4319-8678
10004671,오상자이엘(주),김선기,인천광역시 부평구 육동로 36 (부평동),허원,032-524-0700
10078192,(주)엠케이코어텍,양구돈,경상북도 경산시 진량읍 가야로 350,이창희,053-851-6114
10080075,성준전기(주),박운식,서울특별시 종로구 종로 146-2 (종로3가),이석행,070-8874-8105
10064416,(주)아이엠지,장철,경상북도 경주시 동대로 123 (석장동),오창석,052-922-2332
10075242,에스티엘소프트,권태원,부산광역시 남구 수영로 312 (대연동),이영인,051-742-8143
10064024,큐빅테크,김부섭,"서울특별시 구로구 디지털로 272, 301호 (구로동, 302호, 303호 (구로동, 한신아이티타워)",민한기,070-4760-1034
10085107,주식회사 오즈시스템,최수동,경기도 고양시 일산동구 정발산로 24 (장항동),최수동,031-812-5035
10087794,(주)헤더라임,정은봉,인천광역시 서구 정서진로 410 (오류동) 환경산업연구단지 C동 401호,정은봉,032-566-0701
10232817,주식회사 부일기획,김진환,부산광역시 해운대구 센텀7로 6 (우동),김지원,051-746-9185
10232821,에이아이바,김보민,서울특별시 마포구 성암로 330 (상암동),김보민,070-4485-6643
10233697,주식회사 와이즈빌,김태진,광주광역시 북구 첨단연신로 45 (연제동),김태진,070-8249-5262
10104781,에이딘로보틱스,"이윤행, 최혁렬",경기도 안양시 동안구 시민대로327번길 12-20 (관양동),이가연,031-360-7926
10234193,주식회사이아이씨엔,송덕수,서울특별시 서초구 서초대로 396 (서초동),유도윤,070-7549-0107
10230442,주식회사 영테크,원준희,경상북도 경주시 강동면 강동산단로 120,윤순복,054-285-4591
10234516,(주)정우코퍼레이션,지석창,인천광역시 연수구 솔밭로 60 (동춘동),양준호,032-683-6200
10091356,(주)세라크래프트,조영준,대구광역시 달서구 성서공단로 46-17 (대천동) 2동 4층,강석기,070-7758-2804
10076677,주식회사 스튜디오쓰리에스코리아,한태교,경기도 안양시 동안구 부림로170번길 41-20 (관양동),강창현,010-****-****
10001876,(주)주강로보테크,강인각,경기 평택시 청북면 현곡리 177-28,김태제,031-683-9876
10084277,(주)유일로보틱스,김동헌,인천광역시 남동구 남동서로362번길 37-45 (남촌동),윤진현,032-863-9810
10103438,주식회사 토트,이상형,전북특별자치도 군산시 산단남북로 189 (오식도동),이상형,02-463-8030
10104555,(주)스마트솔루션,황준혁,경상남도 창원시 성산구 완암로 50 (성산동),황준혁,055-264-2846
10104579,(주)스타웰즈,조상명,부산광역시 강서구 금호순서길 121-9(대저2동) (주)스타웰즈,장경복,051-972-9940
10108617,포휴먼테크,임영근,대전광역시 유성구 테크노2로 199 (용산동),이승혁,042-933-1561
10101947,주식회사 티원,심선호,경상남도 창원시 마산회원구 구암북1길 79(구암동),홍정현,055-265-7115
10231459,우림로보틱스 주식회사,김병수,경상북도 칠곡군 왜관읍 강변대로 677-15,김태근,054-976-1987
10231469,(주)에스이씨,이종필,경기도 화성시 비봉면 삼화길 1,정찬원,031-354-2385
10085229,(주)대곤코퍼레이션,"이재형, 이대원",서울특별시 구로구 디지털로 285 (구로동) 12층,안대인,02-6675-6616
10231536,파인로봇,김한기외1명,부산광역시 강서구 미음국제5로다길 9 (미음동),김한기,051-831-2687
10064374,(주)두성로보텍,박희정,인천 서구 경서동 697-14,장영미,032-583-6700
10076996,(주)에프로봇,송영환,부산광역시 해운대구 삼어로91번길 90 (반여동),송여진,051-928-8538
10233008,(주)컨포트랩,김기중,서울특별시 송파구 법원로 114 (문정동),김하나,070-8287-1613
10231367,(주)오토베이션,박진형,경상남도 창원시 의창구 창원대로18번길 46 (팔용동),박진형,055-715-3337
10234100,대성산업(주) 기계사업부,"김영대, 이은우","서울특별시 구로구 경인로 662 (신도림동, 디큐브시티)",장양수,02-3408-1338
10234394,대웅써미트,김성진,경기도 화성시 남양읍 남양로 549-13,김성진,010-****-****
10234510,로보틱박스,하현수,경상남도 창원시 성산구 전기의길 10 (성주동),하현수,010-****-****
10105826,(주)O.N,권오남,충청남도 천안시 서북구 직산읍 4산단4로 52 (주)O.N,송재용,010-****-****
10234616,(유)엠에스테크,박상욱,전라남도 무안군 삼향읍 영산로 1308-1,박상욱,061-453-9537
10231039,캣벨컴퍼니,김동환,서울특별시 서초구 강남대로95길 16 (잠원동),김동환,070-4801-3440
10077313,대명산업기술(주),김당주,경상남도 김해시 진례면 테크노밸리길 170-5,김정훈,070-4450-2275
10098210,조인텍스컴,이상진,경기도 하남시 미사강변중앙로31번길 15 (풍산동) 희가로프리미어 910호,이상진,070-7550-0454
10098814,주식회사 아이티몬,김태성,"경기도 평택시 고덕면 고덕중앙로 322, 909호 (에이스 S-TOWER 지식산업센터)",김태성,031-8019-9695
10094535,(주) 섹타나인,김대일,경기도 성남시 중원구 사기막골로31번길 18 (상대원동),이원석,02-6710-5204
10231373,주식회사 올댓오토메이션,정현화,경상남도 창원시 의창구 사화로 210 (팔용동),정현화,010-****-****
10075197,(주)딥시스,석동진,서울특별시 영등포구 영등포로13길 21 (양평동1가),석동진,02-561-6961
10065414,(주)케이에스아이,김우호,"서울특별시 금천구 가산디지털2로 184 (가산동) 벽산디지털밸리2차 1501,2호",김우호,02-2113-0231
10063927,(주)TIS,이종문,경상남도 창원시 성산구 대암로105번길 1 (대방동),성기원,055-274-0300
10081969,슬로우(주),정효현,"서울특별시 강서구 양천로 401(가양동), 비동 10층 1005호",정효현,02-232-2049
10082783,(주)케이앤엘정보시스템,김영진,경상북도 구미시 산동읍 첨단기업1로 17 구미전자정보기술원 혁신관 314호,김영진,15665292
10077276,아이앤지코리아,박장욱,울산광역시 중구 종가로 15 (다운동) 울산테크노파크 기술혁신 B동 303호,박장욱,052-700-4378
10083803,주식회사 씨엠지아이엔씨,이호완,경기도 부천시 범안로219번길 71 (옥길동),이호완,070-4255-9280
10084669,아이에스비,이향숙,"인천광역시 남동구 호구포로 194 (고잔동), 1503~5호",박광수,070-8836-9021
10064860,(주)이아이피,이재수,인천광역시 남동구 호구포로 194(고잔동) 마크원지식산업센터 1507호,장원혁,032-260-1810
10072361,(주)이맥스,이재용,경기도 광명시 오리로651번길 8 (하안동),이재용,070-8680-8990
10077486,(주)에스지아이시스템,김지태,서울특별시 구로구 디지털로26길 43 (구로동),김일중,02-3667-5626
10001721,(주)영창로보테크,원종대,경상남도 김해시 주촌면 골든루트로129번길 96,노성훈,055-723-3570
10075210,비젠트로(주),김홍근,경기도 성남시 분당구 대왕판교로 660 (삼평동),이국,031-710-9766
10078236,유호스트,이은재,서울특별시 서초구 남부순환로 2495 (서초동),송관성,02-523-3975
10089301,(주)인아엠씨티,신동진,"서울특별시 금천구 가산디지털1로 168 (가산동), 씨동 809호(가산동, 우림라이온스밸리)",백종오,02-2026-3740
10092171,(주)코랩인터내셔널,김동성,서울특별시 마포구 모래내로 5 (성산동),권진욱,02-2135-3225
10085644,한국보싸드,오광람,충청남도 천안시 서북구 입장면 연곡길 428,이세원,041-580-7080
10082252,(주)엘케이랩,이치호,"대전광역시 유성구 엑스포로 459, 202호 (전민동)",김영주,02-865-1530
10075889,(주)에스제이아이티,한동진,"대구광역시 북구 호암로 51, 대구삼성창조캠퍼스 벤처오피스 508호(침산동)",한동진,070-8236-7560
10078366,(주)포젠정보기술,최동열,"광주광역시 서구 화개2로20번길 8, 2층 (금호동)",최동열,062-571-1666
10078059,미래소프트웨어,이병규,대구광역시 달서구 달서대로91길 35 (호림동)  모다지식산업센터 가동 201호,이병규,053-585-7679
10089356,(주)엠시스아이씨티,이성대,경기도 화성시 동탄첨단산업1로 27 (영천동),이성대,031-373-0763
10089838,트라이텍,오인환,"경기도 안산시 단원구 산단로 107, 서흥테크노밸리 433호",정명신,031-508-9234
10089695,이원소프트주식회사,김창섭,서울특별시 강서구 마곡중앙5로1길 20 (마곡동),김창섭,070-4352-5060
10090611,(주)유티소프트,문형두,광주광역시 동구 동계천로 150 (동명동) 아이플렉스 광주 311호,문형두,062-251-8443
10096569,주식회사 스마트웨이브,서민수,부산광역시 강서구 대저로 149 (대저1동),서민수,051-895-0338
10098447,두이엔지(주),두석신,전라북도 군산시 산단남북로 189 (오식도동),전민영,063-462-1217
10100798,(주)앤에이치씨,한봉석,인천광역시 연수구 송도과학로 56 (송도동) 송도테크노파크BT센터,한봉석,070-5097-6010
10109007,(주)씽크포비엘,박지환,서울특별시 강남구 논현로 419(역삼동) PMK빌딩 8층 ,박민정,02-562-6545
10104104,주식회사 가주정보기술,심원화,부산광역시 북구 효열로 111 (금곡동),심원화,051-746-4056
10231666,(주)제이엠비,안중진,대구광역시 달서구 성서로68길 49 (갈산동),안중진,053-592-1081
10233140,(주)천운이앤지,윤용훈,충청남도 천안시 서북구 직산읍 신갈1길 71-11,이혜영,041-574-1636
10097800,(주)한국에너지기술단,노영진,전북특별자치도 전주시 덕진구 유상로 67 (팔복동2가),오아름,010-****-****
10234258,(주)아큐리스,이정환,경기도 과천시 과천대로7길 33 (갈현동),김보라,031-450-3570
10088020,주식회사 금하테크,한청우,전라남도 나주시 그린로 357 (빛가람동),이영욱,061-930-2000
10234339,(주)위밋모빌리티,강귀선,서울특별시 관악구 조원로 5-14 (신림동),이승원,010-****-****
10234374,(주)위즈랩스,박성웅,서울특별시 금천구 시흥대로 189 (시흥동),박성웅,02-6462-9870
10234402,(주)알투비,정택균,인천광역시 남동구 은봉로 51 (논현동),김미숙,032-874-8543
10234397,주식회사 넥스브이,윤현지,서울특별시 강서구 공항대로 227 (마곡동),송환구,02-886-7000
10086554,주식회사 디플즈,김시습,광주광역시 북구 첨단과기로208번길 43-22 (오룡동),김시습,070-8666-6569
10234443,프로들스튜디오(주),구승범,인천광역시 연수구 갯벌로 12 (송도동),구승범,010-****-****
10234018,퓨처센스 주식회사,안다미,서울특별시 종로구 종로 6 (서린동),이은영,070-8095-1812
10234495,(주)대영테크,안동준,경기도 부천시 원미구 평천로 784-10 (도당동),강응철,032-673-1450
10002363,(주)피앤에스,박봉수,경기도 평택시 진위면 마산9로 73,강신흥,031-250-4054
10234519,칸비즈(주),안근홍,인천광역시 남동구 남동동로138번길 46 (고잔동),박창환,070-4111-6157
10091046,금호정밀기계,김탄욱,경기도 동두천시 강변로 806 (동두천동),김동욱,031-867-7366
10234578,제이씨이엔지 주식회사,정찬원,인천광역시 남동구 아암대로 1223 (고잔동),정찬원,032-222-9493
10234591,엠에스테크,강원익,인천광역시 연수구 송도미래로 30 (송도동),김혜경,031-8042-7020
10093517,(주)티에스테크,황병득,경상남도 창원시 의창구 평산로38번길 40 (팔용동),성기찬,055-252-4917
10234550,주식회사 엠엘텍,문성종,경기도 안양시 동안구 엘에스로 76 (호계동),문성종,031-479-2979
10007812,옥토시스,강용기,서울특별시 강동구 고덕비즈밸리로 26 (고덕동),강다은,02-424-1093
10080100,디오비에스,김경환,경상북도 구미시 산호대로 412(공단동) 1층 사무실,김대호,070-7578-9870
10078895,주)솔트,윤광순,경기도 수원시 팔달구 효원로 303 (인계동),윤광순,070-8884-4440
10080510,(주)광장엔지니어링,백기선,경기도 군포시 고산로 166 (당정동)sk벤티움 103동703호,윤정식,031-436-1940
10081597,(주)아이티공간,이영규,울산광역시 울주군 서생면 에너지산업4로 76,김형규,052-269-0982
10082797,주식회사 오토메스텔스타,이강선,인천광역시 부평구 부평대로 283 (청천동) (부평우림라이온스밸리 B-804),조희술,032-623-6095
10076125,(주)포원시스템,권오대,경상북도 경산시 진량읍 공단12로 150,우정음,053-359-0041
10080029,아주큐엠에스,강학동,서울특별시 서초구 강남대로 351 (서초동),김형준,02-2103-8932
10234266,주식회사 비엔시스템,엄요한,서울특별시 노원구 화랑로 419-7 (공릉동),엄요한,010-****-****
10076819,(주)엠브이텍,이상권,경기도 안양시 동안구 엘에스로91번길 46 (호계동) 엠브이텍 빌딩,최윤나,031-477-3600
10234165,(주)메타소프트,김봉길,서울특별시 구로구 디지털로33길 50 (구로동),김봉길,02-6344-7330
10097280,카이시스템,조순철,서울특별시 강남구 테헤란로 410 (대치동),황현태,070-6422-3651
10234329,가디언즈랩 주식회사,임덕만,서울특별시 성동구 뚝섬로1길 10 (성수동1가),윤재호,010-****-****
10234372,투윈메카,최경철,경상북도 성주군 선남면 문방1길 1,최경철,053-721-8881
10234393,유영브레인,이우중,서울특별시 영등포구 국제금융로6길 33 (여의도동),송성미,02-780-3711
10234352,(주)아이비스,이종무,경상북도 구미시 산동읍 첨단기업4로 25-15,김태영,054-473-4367
10091805,코넥스(주),김성희,경기도 용인시 처인구 남사면 원암로 384,신윤주,031-337-0026
10234440,912 Communication,윤정원,서울특별시 성북구 안암로 145 (안암동5가),윤정원,02-6221-9120
10234478,우주,박권진,충청남도 아산시 인주면 해암로 79,박권진,010-****-****
10234494,세종산업(주),유재현,경기도 시흥시 마유로 138 (정왕동),박병권,031-319-0050
10230732,(주)제우스,이종우,경기도 화성시 안녕남로 132 (안녕동),임정훈,010-****-****
10005806,(주)코리아신예,,충남 아산시 신창면 남성리 134-8,홍준택,041-546-5228
10067175,지이티시스템,,경상북도 구미시 1공단로6길 141,금세종,010-****-****
10234556,(주)원탑,김영희,경상남도 창원시 의창구 북면 천주로769번길 84,김태한,055-265-3705
10234572,피엔피,김종필,경기도 시흥시 서해안로 242 (정왕동),김종필,031-8041-3420
10096473,(주)넥스젠아이씨티,박철진,경상북도 칠곡군 왜관읍 아곡7길 5,박철진,054-977-1719
10084058,(주)디원,최유진,부산광역시 남구 신선로 365 (용당동) 부경대학교 용당캠퍼스 한미르관 1608호,석지훈,051-791-0777
10105323,티에스아이코리아,이철희,경기도 수원시 권선구 산업로 198 (고색동),박상인,070-4099-5590
10109015,(주)이너피플,최용준,서울특별시 서초구 남부순환로 2497(서초동),박정옥,070-4244-6357
10220858,(주)서브윌,김명배,서울특별시 송파구 송파대로 260 (가락동),김영훈,02-6405-3339
10230944,아이코드랩 주식회사,성정모,충청남도 아산시 배방읍 호서로79번길 20,문현정,010-****-****
10231219,주식회사 동아에프에이,손태일,부산광역시 강서구 유통단지1로 50 (대저2동),손태일,051-796-3800
10076876,제이엔이시스텍(주),김정은,경기도 과천시 과천대로7길 20 (갈현동),홍의석,070-7788-8661
10231569,(주)데이타엠테크,김정현,충청남도 아산시 배방읍 호서로79번길 20,김정현,041-533-8021
10081342,(주)월드이엔지,정연태,경상북도 칠곡군 왜관읍 3산업단지1길 119,정연성,054-976-1621
10081727,아이엔지글로벌(주),이병구,경상북도 경주시 외동읍 문산2산단4로 19,최은희,054-742-0661
10086673,(주)이투이솔루션,윤한희,"경상남도 양산시 주남로 288(주남동), 3207-4호(영산대학교코스모스관)",윤한희,055-329-7997
10088756,(주)에이치시스템,한상길,경기도 시흥시 만해로 41 (정왕동),한상길,070-4905-0100
10092986,한솔피앤에스주식회사 아이티서비스부문,김형준,서울특별시 강서구 양천로 570 (등촌동),이승규,02-6244-9772
10092340,유니드,송기준,경상남도 진주시 동부로169번길 12 (충무공동),오동현,055-761-9543
10093185,삼정로보틱스,박순호,경상남도 창원시 의창구 북면 동전산단서로 9,박순호,055-286-8477
10074822,(주)아토스,이태식,서울특별시 구로구 디지털로 273 (구로동) 905호 에이스트윈타워2차,이태식,02-3442-7111
10077067,(주)동남이앤아이,김영식,"경기도 고양시 덕양구 무원로 1 (행신동), 상가동 지하층 비-13호(행신동 무원마을)",조윤호,070-7731-0534
10081015,기공시스템(주),문병기,광주광역시 북구 첨단과기로 333 (대촌동) 생활지원로봇센터 404호,문병기,062-973-7101
10081095,엠버바인,서경덕,대구광역시 북구 노원로 75 (노원동3가) 로봇산업진흥원 로봇혁신센터 307호,서경덕,053-352-4603
10077570,(주)세인이엔에스,신도철,서울특별시 금천구 가산디지털2로 108 (가산동),임연재,02-6277-3060
10084167,(주)파워에프에이,김중섭,"경기도 안산시 단원구 능안로 81 (신길동) 안산디지털파크 지층 113,114호",김슬기,031-310-1979
10078683,코어엠,한상욱,"서울특별시 동작구 동작대로29가길 23(사당동) 2층, (주)코어엠",김서연,02-595-6366
10075900,에스에프존,정도은,부산광역시 부산진구 중앙대로 900 (양정동),김희종,051-714-1752
10085009,자유로운소프트,홍진희,서울특별시 금천구 가산디지털1로 168 (가산동),최원준,070-7403-1770
10076102,주식회사 지엔디비즈,곽승범,서울특별시 강동구 양재대로 1377 (성내동),이주승,031-704-2997
10084936,(주)와이제이솔루션,백영미,경기도 안양시 동안구 시민대로 230 (관양동),신종재,051-892-2024
10065155,(주)아이디정보시스템,박기열,"대구광역시 수성구 알파시티1로35길 9 (대흥동), (주)아이디정보시스템",엄갑섭,053-745-4160
10078981,에이드정보기술,유병남,경기도 광명시 오리로876번길 26 (철산동),유병남,02-862-9980
10082132,주식회사 성신에프에이,김병철,대구광역시 달서구 성서로5길 18-8 (대천동),장진영,053-588-8768
10096066,주식회사휴웰프라임,허승필,서울특별시 노원구 한글비석로24길 14 (상계동) 4층 A429호,허승필,02-585-9696
10101608,주식회사 이에스지테크,윤윤숙,경기도 용인시 처인구 백암면 백암로201번길 21-2,윤윤숙,031-334-3952
10103046,주식회사 진솔루션즈,"오승용, 김동훈",인천광역시 남동구 호구포로 194 (고잔동),오승용,042-3245-2345
10104307,이엔유주식회사,이지우,대전광역시 유성구 테크노4로 17 (관평동),김동식,070-4244-2268
10220938,에스브이솔루션,이정민,인천광역시 연수구 센트럴로 313 (송도동),이정민,032-832-2235
10230617,블룸,고일용,충청북도 청주시 서원구 남이면 남석로 328,고일용,032-327-1650
10231224,(주)엠유트론,안문성,인천광역시 부평구 부평대로 293 (청천동),홍청민,070-7537-0201
10231555,태성테크놀주식회사,이무용,"충청남도 천안시 서북구 광장로 260 (불당동, 불당한화꿈에그린아파트)",이무용,054-972-2600
10234204,(주) 에이로보틱스,권재인,인천광역시 계양구 서운산단로2길 5 (서운동),안인성,032-584-9592
10067917,위드텍,,대전 유성구 탑립동 900,송복문,031-297-0600
10234321,효성ITX (주),홍혜진,서울특별시 영등포구 선유동2로 57 (양평동4가),김성업,02-2102-8198
10234448,(주)세일기연,황인일,충청남도 천안시 서북구 성환읍 잠실길 44-8,정성균,041-584-2415
10088406,(주)하이테크월드,이선규,"경기도 안산시 단원구 만해로 205 (성곡동) C동 112호, 115호",이선규,031-364-8277
10234528,솔버랩,정현무,"인천광역시 남동구 아암대로1503번길 98 (논현동, 에코메트로 6블록 한화 꿈에그린아파트)",정현무,010-****-****
10234527,포스낙(주),김유동,전라남도 광양시 옥곡면 신금로 254,김유동,061-793-7059
10220906,주식회사 에그플랜트,김태완,경기도 화성시 정남면 정남산단로 112,김태완,010-****-****
10081770,Lamatech,여영진,대구광역시 달서구 성서공단로39길 27 (갈산동) 뉴비전지식산업센터 307호,여영진,010-****-****
10078719,제트핑거소프트,김정,인천광역시 부평구 주부토로 236 (갈산동),김정,032-233-9700
10074789,주식회사 비케이아이티,정병곤,서울특별시 서초구 논현로 87 (양재동) 삼호물산빌딩 B동 1402호,배승만,02-576-2695
10074169,주식회사 무른모,황순관,인천광역시 연수구 송도미래로11번길 27 (송도동),배은지,032-1544-0538
10085557,(주)빅타이거,김경재,경기도 남양주시 진접읍 팔야산단로11번길 10,홍지혜,031-573-0744
10005167,텔스타 주식회사,임병훈,경기도 평택시 청북읍 현곡산단로93번길 89 텔스타-홈멜 주식회사,오세원,031-646-4011
10087649,대성정보시스템,강영민,"경상남도 창원시 성산구 완암로 50, 테크동 919호(성산동, SK 테크노파크)",강영민,055-266-3033
10088529,(주)유미테크,윤대일,대전광역시 유성구 가정로 218 (가정동) 융합기술연구생산센터 703호,최현경,042-867-4220
10075870,달리웍스,이순호,서울특별시 중구 수표로 12 (충무로3가),이민아,02-2274-3254
10090505,아리아텍,고홍기,경기도 안양시 동안구 시민대로 401 (관양동) 1011호,고홍기,070-5102-8300
10091685,에프원테크시스템즈 주식회사,한재웅,서울특별시 금천구 가산디지털2로 166 (가산동),이준로,02-6464-1320
10091907,(주)엔에스비전,김남균,서울특별시 금천구 가산디지털1로 30 (가산동) 505호,안준용,02-891-8110
10092948,코너스톤테크놀러지 주식회사,이재원,경기도 성남시 분당구 성남대로 69 (구미동),이재원,070-7019-9872
10098363,(주)한국바이오셀프,오명열,"경기도 수원시 영통구 창룡대로256번길 77 (이의동) 503호 (이의동, 에이스광교타워3)",박상희,031-895-5707
10104237,(주)밸리언트데이터,김종현,경기도 성남시 중원구 사기막골로62번길 33(상대원동) 센터M F613호,김종현,031-1234-5678
10104391,테이아,이춘재,경기도 과천시 과천대로7길 33 (갈현동),백은솔,02-6390-6223
10104744,태진솔루션,최수환,경기도 용인시 수지구 포은대로59번길 37 (상현동),김상윤,031-548-1070
10105420,(주)에스파,김택광,경기도 화성시 양감면 은행나무로62번길 18-12,문수석,031-298-2160
10105832,주식회사 와트,김진명,경기도 성남시 수정구 금토로80번길 11 (금토동),이승재,070-7124-2588
10105715,현대정보시스템,김세남,경기도 양주시 광적면 부흥로 862 공구상가 2동 15호,김민섭,031-836-5168
10221190,(주)기승에프에이,이계승,경기도 화성시 마도면 석교남길 63,하범철,031-357-2112
10231563,주식회사 코보시스,"장경훈, 박재일",경기도 화성시 안녕길24번길 42-8 (안녕동),백현아,010-****-****
10081570,BFA,김병희,부산광역시 강서구 낙동북로 66 (강동동),김병희,051-907-4119
10064788,(주)엘제이텍,이현수,인천광역시 서구 로봇랜드로 155-11 (청라동) 로봇타워 505호,이재길,070-7843-0045
10085244,Listen4u,안서정,경기도 부천시 부흥로296번길 19-17 (중동),이명익,032-611-1165
10231639,아이투주식회사,이순열,경기도 성남시 수정구 대왕판교로 815 (시흥동),이순열,031-723-8995
10231551,디케이랩 주식회사,고정석,경기도 화성시 동탄역로 160 (오산동),고정석,031-831-3978
10231159,주식회사 아이하랑,김경수,경기도 시흥시 경기과기대로 270 (정왕동),김경수,031-499-0911
10232201,주식회사 디밀리언,한요한,경기도 광명시 일직로 43 (일직동),한요한,02-6914-6560
10234236,주식회사 무진소프트,윤현묵,경기도 안산시 상록구 해양3로 15 (사동),윤성묵,010-****-****
10234288,주식회사 휴빅스,윤상기,경기도 오산시 독산성로232번길 14-22 (지곶동),이형섭,031-374-8285
10234290,시엠시엔지니어링에스포트(주)(영업소),JELONEK JAN NIKOLAUS,서울특별시 금천구 가산디지털2로 184 (가산동),홍승준,02-869-5394
10076574,다인정공,윤혜섭,경기도 시흥시 엠티브이26로 24 (정왕동),이창훈,031-488-0506
10077543,유진디스컴(주),이경우,인천광역시 계양구 서운산단로2길 9 (서운동),우규명,032-515-5911
10234370,네오코퍼레이션,서상우,경상북도 영천시 금호읍 대구대길 333,이세경,053-856-2215
10234383,이날리지,이부권,인천광역시 서구 승학로506번안길 63 (검암동),이부권,010-****-****
10234388,벡스인텔리전스,최재호,서울특별시 마포구 월드컵북로54길 25 (상암동),최재호,010-****-****
10234396,주식회사예리테크,최정호,경상남도 창원시 의창구 차룡로48번길 44 (팔용동),정승혜,055-288-6323
10234399,에스엠로보트,정병철,경기도 화성시 양감면 제약단지로 205-6,정병철,031-359-9007
10067629,(주)엘피케이로보틱스,심태호,인천광역시 부평구 부평대로329번길 86 (청천동),김종문,032-341-1645
10234490,주식회사 스타웍스,신동우,경상북도 경산시 남매공원로2길 10 (계양동),김아랑,070-8801-7117
10234545,(주)대경일렉,최중해,경상북도 영천시 금호읍 대구대길 333,이은채,053-853-8684
10092429,시너스텍(주),김주헌,경기도 과천시 과천대로7나길 60 (갈현동),이진환,010-****-****
10091593,로크웰 오토메이션 코리아,이용하,"서울특별시 강남구 논현로 430 (역삼동) 아세아타워 6층,7층",강윤,010-****-****
10004687,삼천산업(주),최원석,경남 창원시 의창구 팔용동 42-13,이대근,070-4035-3904
10234400,주식회사모바일팩토리,김창환,서울특별시 금천구 가산디지털1로 24 (가산동),김문길,02-2038-0200
10234401,주식회사 요망진연구소,최성기,제주특별자치도 제주시 동문로9길 13-1 (일도일동),최성기,010-****-****
10234169,주식회사 오퍼스엠,이진석,경기도 성남시 분당구 황새울로351번길 10 (서현동),백희종,070-8811-0426
10234507,주식회사 엔바이어스,양우성,서울특별시 성동구 상원12길 34 (성수동1가),이수진,02-2210-7880
10077140,(주)브릭,김현우,경기도 성남시 분당구 판교역로 230 (삼평동) 삼환하이펙스 B동 309호,남용문,031-714-2900
10103303,무진소프트,윤성묵,경기도 안산시 상록구 실록2길 21-1(일동) 101호,윤성묵,070-7883-0849
10104724,(주)용봉스마트,여태용,광주광역시 광산구 신창로138번길 7-9 (신창동),여태용,062-266-6479
10221265,주식회사세정로봇,박종익,경상북도 구미시 산동읍 첨단기업로 69-34,이한성,054-473-5379
10230554,(주)에스더블유아이티,김병수,대구광역시 북구 호암로 51 (침산동),한유정,053-201-3665
10230925,(주)인더스트리얼 에이아이,윤희성,인천광역시 남동구 은봉로 14 (논현동),전창현,032-811-0401
10086090,주식회사 제스텍,박필석,인천광역시 서구 파랑로 495(청라동) 1동622호,유지훈,032-505-8055
10067019,(주)카스,김태인,경기도 양주시 광적면 그루고개로 262,신현철,02-2225-3654
10086980,디딤솔루션코리아주식회사,정현철,경기도 용인시 기흥구 기흥로 58 (구갈동),정현철,031-893-9952
10083457,(사)캠틱종합기술원,노상흡,전라북도 전주시 덕진구 유상로 67 (팔복동2가),장수영,063-219-0375
10080546,제이드테크(주),강순규,경기도 여주시 세종대왕면 독골1길 84-26,반현숙,02-477-0601
10090314,(주) 인사이트온,박승래,울산광역시 중구 종가5길 21 (유곡동),신필순,052-248-5188
10006572,에스아이에스(주),신인승,울산광역시 울주군 언양읍 반천산업로 108-105,박기호,070-5167-1674
10063971,엔지아이테크(주),김형욱,경기도 수원시 영통구 덕영대로1556번길 16 (영통동),박상선,031-204-9691
10057138,(주)위더스이십일,정 기 호,서울특별시 금천구 가산디지털2로 101 (가산동),김정희,02-2101-0636
10083292,지멘스 주식회사,정하중,서울특별시 종로구 종로3길 17 (청진동),이상엽,010-****-****
10076390,유라,엄대열,경기도 화성시 팔탄면 시청로 854,성신영,070-7878-7087
10230355,주식회사 멀티로봇,조남호,경상남도 창원시 마산회원구 봉암공단로 6 (봉암동),조남호,055-586-4985
10234492,주식회사 에이아이로보틱스,손종욱,대구광역시 북구 경대로17길 47 (복현동),손종욱,053-945-1112
10231251,씨디알시스템,안기탁,경기도 화성시 동탄역로 160 (오산동),이종훈,070-8015-7577
10232252,(주)에이블정보시스템,이충인,경기도 용인시 기흥구 기흥로 58-1 (구갈동),이충인,031-343-3715
10234200,에스이테크(주),송희민,경기도 성남시 중원구 둔촌대로 545 (상대원동),송희민,010-****-****
10066103,(주)삼원기계,전순도,경상남도 김해시 골든루트로 130번길 12-5,전성훈,055-338-7733
10234298,주식회사 새비로보틱스,정의인,인천광역시 연수구 송도미래로 30 (송도동),정의인,010-****-****
10230058,모멘트,양상열,경기도 부천시 조마루로385번길 122 (춘의동),양상열,032-217-0021
10001279,풍광기계주식회사,장익순,"경기도 시흥시 정왕천로 253, 3나-404(정왕동,시화공단)",황윤성,031-497-7001
10107629,주식회사 하이엔드,김명곤,경기도 용인시 기흥구 지삼로107번길 3-29(지곡동),안홍기,031-285-2088
10234412,(주)더에스엠,양재필,인천광역시 연수구 송도미래로 30 (송도동),김세호,010-****-****
10231799,(주)리옵스,박희준,서울특별시 송파구 법원로4길 10 (문정동),박희준,010-****-****
10074841,엔셀주식회사,임용일,서울특별시 강남구 논현로149길 5 (논현동),정호영,02-511-8481
10077936,(주)큐알피,송희관,경기도 안성시 대덕면 양재미길 3,송희관,031-677-8887
10077669,(주)와이즈소프트,이원형,인천광역시 연수구 앵고개로 262 (동춘동),이원형,032-761-4057
10080189,(주)케이에이치시스템즈,김진석,"인천광역시 연수구 송도미래로 30 (송도동), E동 802호",김진석,070-5180-3301
10084501,(주)현전사,권철,부산광역시 부산진구 전포대로255번길 33 (전포동),성용진,055-267-3621
10085173,(주)유비즈,지미숙,경기도 용인시 수지구 신수로 767 (동천동),김경환,070-7119-7907
10075928,(주) 에이씨앤티시스템,권태상,경기도 안양시 동안구 엘에스로91번길 16-11 (호계동) AC&T B/D,안대일,031-346-1904
10088533,(주)웨다,최치민,"경기도 성남시 분당구 정자일로 15 (금곡동, 분당하우스토리), 2층202호",최치민,02-6956-1017
10101274,(주)플라잎,정태영,경기도 성남시 분당구 대왕판교로 660 (삼평동),정태영,031-365-5294
10093240,주식회사 에스에프이,한철희,경기도 안산시 단원구 시화벤처로 695 (성곡동),김동혁,070-4154-1375
10103415,비주얼테크,심재웅,경기도 수원시 장안구 이목로 17 (이목동),심재웅,02-6112-2333
10104285,주식회사 엔에스솔루션,천정희,부산광역시 사상구 동주로 14 (주례동),전일화,051-714-0774
10106110,주식회사 줌인테크,전영진,경기도 광명시 일직로 43 (일직동),박군배,070-7806-1991
10105978,주식회사 베터리얼,유광현,"경기도 성남시 중원구 사기막골로 52(상대원동), 307",심영훈,02-6223-7695
10107873,성화컴퍼니,이귀택,"경기도 화성시 동탄영천로 131(영천동) 12층 1203호 (영천동, 코너원스마트타워)",이귀택,031-352-9801
10077394,(주)엑스코어시스템,양용희,세종특별자치시 집현중앙7로 6 (집현동),장두,044-867-1058
10004268,(주)연합시스템,윤준삼,경기도 김포시 양촌읍 황금로323번길 26,김하영,032-675-0101
10106558,쿤텍 주식회사,방혁준,경기도 성남시 수정구 창업로 54(시흥동) 나동 2층32호 (LH기업성장센터),이다은,010-****-****
10077800,지컴패니,변상일,서울특별시 금천구 가산디지털2로 101 (가산동),변상일,010-****-****
10087276,에스티에스(주),남충환,경기도 용인시 기흥구 용구대로2145번길 39 (신갈동),박성수,031-287-1293
10081430,주식회사 모빅랩,이원근,인천광역시 연수구 컨벤시아대로 204 (송도동),이형동,032-874-0313
10088564,(주)픽스로봇,우정오,인천광역시 미추홀구 방축로 312 (주안동),우정오,032-569-8818
10081249,아이에스피(주),박상규,"경기도 부천시 석천로 397 (삼정동) 부천테크노파크쌍용3차 101동 507,508호",김지용,070-8821-0600
10084785,(주)에이아이웨어,유상덕,경기도 성남시 분당구 판교로 744 (야탑동),유상덕,031-8023-5660
10085925,아이테크기술(주),이성우,"경기도 광명시 소하로 190(소하동) 408호 (소하동, 광명G타워)",박승희,02-892-1561
10085525,주식회사 씨메스,이성호,서울특별시 강남구 도산대로 318 (논현동),강성남,18008647
10085633,주식회사 아인커뮤니케이션,한경호,인천광역시 미추홀구 경인로 229 (도화동),한경호,032-437-6999
10076829,주식회사 투비시스템,최기성,인천광역시 부평구 주부토로 236(갈산동) 인천테크노밸리 U1센터 C-1012,김도영,032-546-9813
10077161,(주)심플북,민영석,인천광역시 연수구 용담로 115 (연수동),김기수,070-7575-0006
10077132,주식회사 메이븐,김용호,"경기도 성남시 수정구 창업로 42(시흥동) 508,509호",조용직,02-852-2555
10082206,유주티엔씨(주),최인규,경기도 안성시 양성면 한내로 137-8,한규태,031-366-0877
10002553,엠아이큐브솔루션주식회사,"박문원, 조영택",서울특별시 서초구 효령로55길 23 (서초동),이현선,02-553-2171
10088064,주식회사 나우로보틱스,이종주,인천광역시 남동구 앵고개로449번길 42 (고잔동),정태우,032-719-7040
10092186,인실리코,최승훈,경기도 안산시 단원구 산단로 112-19 (원시동),김민경,031-495-6932
10093555,(주)이디코어,한대수,"경기도 평택시 정암로42, 206호",김병곤,031-616-5110
10093950,바인컴퍼니(주),송영한,대구광역시 수성구 알파시티1로42길 11 (대흥동) 9층 914호,송영한,053-218-1101
10094721,주식회사 더블유엔피,김병건,울산광역시 중구 종가로 15 (다운동) 울산테크노파크 기술혁신 B동 401호,권용창,052-947-0919
10075887,(주)엔와이티지,김성찬,경기도 성남시 중원구 갈마치로 302 (상대원동),정원식,031-707-8901
10070050,에이치씨엔씨,이영우,경기도 성남시 분당구 판교로255번길 9-22 (삼평동)우림 W-City 3층,김진호,052-258-7071
10075324,징코스테크놀러지,채연근,서울특별시 금천구 가산디지털1로 128 (가산동) STX V타워 1203호,채연근,02-566-7655
10084339,(주)이노로봇,한인호,경기도 안산시 단원구 별망로 597-7 (원시동),한인근,031-687-3112
10084404,다우데이타,김상준,서울특별시 마포구 독막로 311 (염리동),최원곤,02-6991-1294
10078092,주식회사 이노비,김승철,경기도 의왕시 광진말로 54 (초평동),박천호,031-461-8990
10066305,(주)사이버테크프랜드,김정혁,"경기도 하남시 조정대로 150, 951호(덕풍동, 아이테코)",이정주,070-8855-1960
10087799,주식회사 와이앤와이,윤석문,경상북도 구미시 수출대로 152 (공단동) 308호(지식산업센터),윤석문,054-463-0418
10068917,(주)더블유티엠,김영남,경기 안산시 단원구 성곡동 665∼740 714-2 시화공단 4마703,이현화,031-499-8853
10092670,한국비전기술(주),전영민,서울특별시 동작구 여의대방로22길 4 (신대방동) 동일빌딩4층,전영민,02-826-0472
10234278,트렌스아이티,안성훈,경기도 부천시 원미구 조마루로85번길 7-90 (상동),안성훈,010-****-****
10233789,주식회사 앰버로드,임언호,경상북도 포항시 남구 청암로 87 (지곡동),박도겸,010-****-****
10101327,주식회사 와이알솔루션,최범용,인천광역시 연수구 인천타워대로 323(송도동) 비동30층 브이 461호,최범용,070-8098-9727
10081859,주식회사 사라시스템,손경수,경기도 부천시 원미구 평천로 655 (약대동),손경수,02-1577-8706
10108481,주식회사 일렉트리코,금태련,대구광역시 달성군 다사읍 매곡로 64,이강진,053-616-1368
10108622,주식회사싸이언,이윤숙,울산광역시 남구 남부순환도로 13(무거동),이규원,052-247-5918
10095570,에쎄테크놀로지,송춘경,경기도 부천시 부천로198번길 18 (춘의동) 춘의테크노파크2차 201동702호,송춘경,032-623-0900
10098875,(주)바이투,변영석,"경기도 광주시 행정타운로69번길 47 (송정동, 송정낙원 포레시티)",변영석,02-385-2870
10096303,(주)이레기술,이원석,경기도 용인시 처인구 이동읍 화산로 123,김명묵,031-321-9094
10107065,주식회사한영에스에프,한영희,부산광역시 강서구 유통단지1로 41 (대저2동),김문영,051-911-6525
10007256,(주)제이디,이동석,경기도 수원시 권선구 산업로155번길 80(고색동),한민,070-5052-6610
10107326,참바른기술,한정주,경기도 광명시 일직로 72 (일직동),한정주,010-****-****
10108023,스토리 오브 시스템(Story of System),조선희,경기도 수원시 팔달구 인계로124번길 27-10 (인계동),박유진,02-1522-8716
10108337,(주)알앤제이아이씨티,채춘희,"충청남도 홍성군 홍북읍 청사로 146, 센텀시티 412호",김진석,010-****-****
10220997,비에스엘코리아(주),김성숙,경기도 군포시 흥안대로 24-7 (금정동),정익재,070-4337-1892
10231009,주식회사 비즈비,김태형,서울특별시 서초구 반포대로21길 3 (서초동),류동석,02-522-0945
10096609,(주)동우글로벌,김용규,경상북도 경산시 와촌면 솔구불길 18,김 용 규,053-583-8898
10231399,주식회사 피엘피엔지니어링,박병권,경기도 화성시 동탄기흥로 565 (영천동),구연길,031-297-9467
10069639,에이제이네트웍스,곽정호,서울특별시 송파구 정의로8길 9 (문정동),이대욱,010-****-****
10077109,주식회사 몰드케어,최현우,경기도 안양시 동안구 엘에스로91번길 16-39 (호계동),장주승,070-4248-9065
10079790,주식회사 디아이엔씨,김준영,경기도 안산시 상록구 해안로 705(사동) 경기테크노파크 RIT 센터 602호,차승학,070-7797-6128
10077035,주식회사 세원에스텍,윤병남,경기도 의왕시 이미로 40 (포일동) C동 701호,윤병남,031-477-7870
10077505,(주)아이티엔씨,곽대,경기도 평택시 고덕면 고덕중앙로 322 에이스 S-TOWER 지식산업센터 1011호,곽영훈,031-668-2676
10083419,이수시스템,손원동,서울특별시 서초구 사평대로 60 (반포동),정재성,010-****-****
10075433,에프원소프트(주),오승호,"경기도 화성시 동탄순환대로 823 (영천동), 611호 (에이팩시티)",강현명,031-5183-5341
10063968,(주)제이캐스트,어재홍,경기도 안양시 동안구 벌말로 66 (관양동),박유성,031-476-6997
10074893,(주)넥사,정태용,대구광역시 남구 봉덕로9길 89-128 (봉덕동),김혜민,053-657-7233
10085537,(주)지니어스,박원호,경기도 성남시 중원구 사기막골로45번길 14 (상대원동) 성남우림라이온스벨리2차 B동 1305호,권형진,031-8039-5671
10093921,(주)부품디비,황진상,"대전광역시 유성구 유성대로 1476-55 (화암동), 2층",김지영,042-862-9226
10232914,(주)아이엠오,김철우,서울특별시 송파구 송파대로 167 (문정동),백인엽,02-2054-3330
10234116,(주)에이아이로보틱스,윤양수,경기도 평택시 서탄면 금암2길 112-12,김경란,010-****-****
10234256,(주)온메이커스,변정환,대전광역시 유성구 학하동로 49 (학하동),김지영,042-486-0587
10006647,두림야스카와(주),박상백,경기도 안양시 동안구 엘에스로 112 (호계동),염혜정,031-357-0350
10234245,에스비엔지니어링,김미경,경기도 성남시 수정구 복정로 5 (복정동),정준,031-645-2200
10234445,주식회사 드림시스템,노용옥 신석재,경기도 화성시 동탄대로 677-12 (영천동),노용옥,031-292-0602
10066178,(주)대연씨앤아이,신대현,경기도 광명시 일직로 43 (일직동),서정신,070-7116-9042
10234189,로보윙크,박세준,경기도 용인시 처인구 모현읍 외대로 81,박세준,070-8823-1883
10234248,제이제이팩(주),김경진,경기도 김포시 통진읍 월하로 571-31,김경진,031-986-3547
10234377,(주)지엠에이치 종합컨설팅,고재영,전라남도 여수시 소라면 운암길 243-1,전원현,010-****-****
10234424,에너벤,김수태,대구광역시 달서구 호산동로 12-10 (호림동),이종식,053-593-4430
10064671,지식시스템 KSTEC,이승도,경기도 성남시 분당구 판교로 255 (삼평동),유환주,031-8018-6777
10079145,자두소프트,김영주,경기도 용인시 수지구 신수로 767 (동천동) 유타워 B동 313호,김영주,031-264-3808
10064906,로드브레인,박중석,"서울특별시 성동구 아차산로7나길 18 (성수동2가, 에이팩센터) 4층 407호 ",박중석,02-453-8874
10080270,주식회사 삼인에이치엔티,김승한,"대전광역시 유성구 갑천로 361-17(탑립동) 대덕벤처타워 윕스퀘어 405호, 406호",강윤구,042-719-7780
10084652,에스에스시이엔지,조성진,경기도 평택시 진위면 진위2산단로 31-21,조성진,031-8015-2001
10084985,지오디에스(GODS),김광호,경기도 여주시 현암로 26 (현암동) 2층,황명선,031-885-3080
10085364,주식회사 쏨텍,홍성옥,경기도 용인시 기흥구 기흥로 58 (구갈동),박재현,031-8014-2604
10095910,(주)여몽,이현무,서울특별시 강남구 테헤란로82길 15 (대치동) 687호,양주영,02-6927-2777
10077189,(주)성창,이태수,강원도 춘천시 퇴계농공로 116 (퇴계동),이병기,033-263-2560
10105336,큐브세븐틴,김진수,서울특별시 강남구 도곡로 133(역삼동) 4층,최영빈,02-1644-8974
10230122,(주)컬처릿,박성현,서울특별시 강서구 양천로47길 40 (마곡동),노현수,070-4324-4322
10104931,에스디플렉스,노주환,경기도 성남시 수정구 창업로 43 (시흥동),윤상진,02-6203-3114
10231295,주식회사 낭만상회,안주현,서울특별시 서초구 방배로 180 (방배동),안주현,010-****-****
10082890,(주)엔씨비,박세정,경기도 부천시 산업로7번길 49 (오정동),강수연,032-681-9952
10085529,(주)엠에스링크앤솔루션,박주호,서울특별시 성동구 아차산로17길 49 (성수동2가),박주호,02-6216-2130
10082928,주식회사 스마트에스아이,이유준,서울특별시 영등포구 당산로41길 11 (당산동4가),이유준,02-711-3369
10069100,주식회사 제이앤케이씨,권기선,서울특별시 금천구 가산디지털2로 143 (가산동),권기선,02-6344-5350
10088294,(주)퀀텀스타,김광래,서울특별시 금천구 서부샛길 606 (가산동) 대성디폴리스 B동 1907호,김광래,02-6959-2844
10080576,(주)아큐라소프트,김성수,"서울특별시 성동구 성수일로4길 25, 810호 (성수동2가,서울숲코오롱디지털타워) ",장시현,02-6053-7900
10089059,주식회사 리더스알앤디,박선희,경기도 시흥시 마유로 376 (정왕동),박선희,031-410-1871
10091584,수테크,김승우,경기도 부천시 조마루로385번길 80 (원미동) 춘의테크노파크 3차 808호,김수빈,032-613-1566
10095094,(주)빅웨이브에이아이,이희준,대구광역시 달서구 달서대로 559 (신당동),조보근,053-588-3471
10088861,다성공 주식회사,송국,"서울특별시 구로구 디지털로31길 38-21 (구로동,이앤씨벤처드림타워3차) 701호",송국,02-6330-2234
10077782,씨제이올리브네트웍스,유인상,"서울특별시 용산구 한강대로 366 (동자동), 트윈시티 10층",이민호,02-6252-0558
10089155,(주)앱도,김진웅,"부산광역시 강서구 명지국제2로 41 (명지동, 더샵 명지퍼스트월드 3단지)",김성원,051-633-0515
10089891,(주)앰에이치솔루션,박형서,"경기도 수원시 영통구 영통로 237 (신동), 704호",박형서,031-308-2793
10074909,싱글톤소프트(주),홍상훈,서울특별시 금천구 두산로 70 (독산동) 현대지식산업센터 A동 1605호,홍상훈,070-4126-6959
10076221,(주)봄소프트,홍성학,서울특별시 성동구 성수일로 99 (성수동1가) AK밸리 1202호,홍성학,02-2068-2101
10078301,심플리즘,김석래,서울특별시 금천구 가산디지털1로 30 (가산동) 에이스하이엔드타워 10차 813호,윤석환,070-8650-0086
10084670,(주)와이파이브,성태경,대전광역시 유성구 대학로 82 (궁동) 인산빌딩 701호,권재욱,070-4334-7820
10075636,(주)코리아소프트,김영,부산광역시 사상구 모라로 22 (모라동),박종일,051-311-9627
10064035,(주)쓰리뷰,김희명,경기도 성남시 중원구 사기막골로 124 (상대원동),이익재,031-776-0677
10231534,(주)원데이터기술,박대원,부산광역시 부산진구 가야대로 749-1 (부전동),박대원,010-****-****
10231894,(주)오렌지아이,황두선,경기도 성남시 분당구 판교로255번길 9-22 (삼평동),우다남,02-6324-3800
10232540,(주)웨이브그램,김정훈,부산광역시 강서구 과학산단1로60번길 31 (지사동),황희정,051-711-0305
10234246,주식회사 바이더앱,방승훈,서울특별시 서초구 사평대로55길 33 (반포동),방승훈,02-543-1345
10234363,베스트(BST),김동우,부산광역시 부산진구 가야대로765번길 6 (부전동),김동우,010-****-****
10234409,(주)대광로보틱스,천종관,대구광역시 달서구 월곡로100길 35 (월성동),민현규,053-312-8086
10234414,주식회사 대현하이텍,김영수,인천광역시 서구 파랑로482번길 16 (청라동),김병만,010-****-****
10075523,주식회사 신성이넥스,이정선,경기도 과천시 과천대로7나길 60 (갈현동),김형수,031-788-9152
10099558,주식회사 아이핌,정희태,서울특별시 송파구 오금로 310 (가락동),정희태,02-577-9946
10102186,(주)비트버스,전성호,대전광역시 유성구 테크노중앙로 243-7 (탑립동),전성호,070-4457-1541
10102561,주식회사 지로보틱스,황이연,충청남도 천안시 동남구 풍세면 풍세산단1로 6,김현주,041-418-9689
10106041,씨엔로봇(주),김익수,"대전광역시 유성구 테크노2로 187(용산동) C동 B133호(용산동, 미건테크노월드 2차)",장천수,042-536-2266
10108159,(주)큐라움,정일도,"대전광역시 유성구 테크노2로 13-14, 다동 3층 306호",정일도,02-544-7002
10108868,마크로버(주),김성수,울산광역시 남구 테크노산업로55번길 37-12(두왕동),김성수,052-260-0512
10083246,(주)이지아이티컨설팅,이광용,경기도 안산시 단원구 광덕2로 50-3 (초지동),백도훈,031-408-5800
10082551,(주)노바테크,송동석,울산광역시 남구 옥현로 129 (무거동),문병국,052-225-8582
10085401,(주)이맥스솔루션,이재기,경기도 광명시 오리로651번길 8 (하안동),이동봉,070-4350-3305
10075398,(주)이젬코,이종극,서울특별시 성동구 성수이로 147 (성수동2가) 아이에스비즈타워 809호,이재익,02-2038-2472
10080281,주식회사 엔엠소프트,김정현,울산광역시 남구 갈밭로 24 (삼산동) 314호,안현지,070-8855-5028
10074962,대한에프에이시스템(주),강영근,서울특별시 강남구 삼성로 570 (삼성동) 석천빌딩 3층,신용식,02-2189-3711
10079237,주식회사 지텍,최부식,충청남도 천안시 동남구 풍세면 풍세산단1로 6,김민보,041-415-1113
10086370,주식회사 인터엑스,박정윤,울산광역시 중구 종가6길 7(우정동) 10층,박정현,02-1833-8788
10077062,랜택시스템코리아(유),"ALBERTO, LOPEZ",부산광역시 사상구 괘감로 37 (괘법동) 산업빌딩 306호,김한일,02-1899-9961
10075844,리얼시리우스(주),신태식,서울특별시 강남구 테헤란로 311 (역삼동)  1301호 ,신태식,02-2009-3184
10086840,주식회사마스터코리아,임병갑,서울특별시 금천구 디지털로 178 (가산동),심상보,02-2636-0369
10080300,(주)채움아이티,김대철,서울특별시 금천구 디지털로 121 (가산동) 1709호,김용민,070-8866-3015
10091220,주식회사 리쉐니에,이용관,경기도 수원시 영통구 창룡대로256번길 50 (이의동),김수경,070-8285-2269
10074904,(주)지투시스넷,박준홍,"서울특별시 영등포구 당산로41길 11 (당산동4가) W동 1404, 1405호",이주한,02-6238-2529
10078434,(주)유피시앤에스,오경모,울산광역시 중구 종가6길 7 (우정동) 7층 702호,박희철,052-223-8443
10076156,주식회사 지경솔루텍,이동희,서울특별시 금천구 가산디지털1로 225 (가산동),김재호,02-6956-2131
10075234,비자림,김숙희,서울특별시 강동구 양재대로 1377 (성내동),정진평,02-470-5398
10076301,(주) 조인피아정보,김용범,서울특별시 중랑구 신내역로3길 40-36 (신내동) 신내 데시앙플렉스 지식산업센타터 B동 1212호,김용범,02-975-1578
10095132,(주)주원이앤에스,김진후,충청남도 천안시 서북구 직산읍 모시1길 34,강동균,041-582-8898
10103803,주식회사 캐디안,박승훈,"서울시 금천구 가산디지털2로 115 1009호 (가산동, 대륭테크노타운3차)",조병찬,070-4610-4845
10104001,(주)엘지헬로비전,송구영,서울특별시 마포구 월드컵북로56길 19(상암동)  6층 드림타워,주우찬,070-7373-4322
10105155,주식회사 캐롯아이,안선희,경기도 고양시 덕양구 삼원로 83(원흥동) 915호 916 호,김승환,031-926-3191
10108341,주식회사 더블유피,정보창,충청남도 천안시 서북구 불당36길 63 (불당동),김예슬,041-542-2086
10077499,이솔아이티(주),정재훈,서울 서초구 마방로10길 34-2 303호,임원호,02-863-5648
10108671,(주)제이엔이웍스,홍의석,"경상남도 창원시 성산구 전기의길 10(성주동), 103호",서유진,070-7788-8661
10106499,삼진웰텍 주식회사,배병호,부산광역시 강서구 미음국제5로마길 23(미음동),이재윤,051-971-1166
10231331,(주)에스티에스로보테크,김기환,부산광역시 사상구 대동로223번길 3 (학장동),정현국,051-328-8858
10231646,알파(R_Fa),박배성,대전광역시 대덕구 대화로 120 (대화동),박배성,042-331-1364
10233400,비즈테크아이,권주오,서울특별시 마포구 매봉산로 75 (상암동),황덕재,010-****-****
10234008,세이지,"박종우, 홍영석",서울특별시 강남구 강남대로 374 (역삼동),김승현,02-877-0566
10234132,주식회사 티티알,이희영,경기도 시흥시 엠티브이25로58번길 56 (정왕동),김승배,031-319-1042
10234303,(주)엠피엘에스,안국환,서울특별시 금천구 가산디지털2로 101 (가산동),안국환,02-714-9733
10234345,에스피테크놀러지 주식회사,채현종,서울특별시 서초구 효령로 17 (방배동),장우림,02-2101-2500
10234384,다이나믹큐에스,임정현,"서울특별시 구로구 공원로 41 (구로동, 현대파크빌)",임정현,02-6949-0979
10234386,도은시스템,김정현,경기도 안산시 상록구 새말길 23-3 (부곡동),김정현,031-405-0077
10231358,주식회사 신성에프에이,윤승민,부산광역시 사상구 사상로319번길 8 (덕포동),윤승민,051-326-8280
10080398,(주)알티자동화,최동열,충청남도 아산시 음봉면 연암율금로295번길 2-1,조정래,041-541-5580
10232039,제이앤솔루션 주식회사,서준성,서울특별시 금천구 가산디지털1로 25 (가산동),김일환,02-6952-5000
10232148,서울다이나믹스 주식회사,이거송,경기도 성남시 수정구 달래내로 46 (시흥동),양혜리,031-603-3338
10232561,아이리스인포테크주식회사,"노태호, 조광희",서울특별시 마포구 성암로 330 (상암동),정영도,02-2025-1004
10232462,데이터텍주식회사,정기용,서울특별시 구로구 디지털로30길 31 (구로동),신윤홍,070-4390-1520
10078277,(주)디알오토텍,김봉필,경상남도 창녕군 대합면 대합산업단지로 38-36,염길용,010-****-****
10234379,(주)티엔에스솔루션,이태영,충청남도 천안시 서북구 한들1로 40-7 (백석동),박찬,070-5022-9144
10234365,지비티 주식회사,유원형,경기도 성남시 중원구 둔촌대로 545 (상대원동),백은아,010-****-****
10231703,주식회사 오늘의작업장,김나혜,인천광역시 연수구 갯벌로 12 (송도동),김나혜,010-****-****
10004486,(주)파워웰,은종목,"서울 금천구 서부샛길 648, 204호(가산동, 대륭테크노타운6차)",박종원,02-1661-8211
10065737,(주)사이버다임,김경채,서울특별시 송파구 올림픽로 299 (신천동) 대한제당빌딩 12층,이재민,02-546-4850
10074906,(주)네오슬론,박흥철,경기도 성남시 분당구 판교역로 230 (삼평동) 삼환하이펙스 B동 403호,이형주,02-899-6100
10064020,(주)퀘스트정보기술,노승수,부산광역시 사상구 모라로 22 (모라동) 부산벤처타워 1305호,노승수,051-316-0173
10077629,(주)시너지웨어,민준기,서울특별시 금천구 가산디지털1로 142 (가산동)  더스카이밸리 1차 708호,민준기,02-2067-3007
10077630,(주)비젠아이,여동원,서울특별시 금천구 가산디지털1로 145 (가산동) 에이스하이엔드타워3차 403호,우충수,070-7775-8203
10078509,(주)비즈플러스글로벌,원경숙,경기도 부천시 오정구 부천로397번길 16 (내동),김재근,032-715-4905
10080234,아이씨티피플,권대선,서울특별시 금천구 가산디지털1로 225(가산동) 1116호,권대선,070-4603-1000
10004339,(주)새롬씨앤씨,박중규,서울 구로구 디지털로 34길 27 대륭포스트타워 3차 1105호 ,황현철,02-2028-0067
10083982,(주)톰스,강태경,경기도 수원시 영통구 광교로 105 (이의동),이순현,031-831-3561
10075159,(주)아이티에스,신동윤,전라남도 목포시 석현로 46 (석현동) 목포벤처지원센터 103호,신동윤,061-285-2050
10074879,(주)소프트원,"김동욱,홍길준",서울특별시 강서구 양천로 583 (염창동),김진현,055-295-0094
10076886,(주)고우아이티,허범무,서울특별시 성동구 아차산로5길 10 (성수동2가) 7층,나민우,02-4620-5365
10076947,드림소프트웨어(주),박문호,서울시 서초구 반포대로 96 석정빌딩 5층,강성규,02-567-4416
10069233,주식회사 에스더블류에스,유제원,서울특별시 금천구 가산디지털1로 더루벤스 벨리 1206호,고영현,02-6954-4700
10076137,주식회사 뷰시에스,정수생,서울특별시 금천구 가산디지털2로 135 (가산동),정수생,02-6298-1004
10085569,(주)블루넥스,김인규,부산광역시 중구 중앙대로 129 (대창동1가),조영조,051-343-0610
10063945,주식회사 인바이트,김찬웅,경기도 부천시 조마루로385번길 80 (원미동) 춘의테크노타워 507호,김찬웅,032-215-2188
10069340,(주)코리아트리즈,강윤철,부산광역시 해운대구 센텀동로 99 (재송동) 711호,김보성,051-951-2202
10088154,(주)큐이노텍,최순우,충청남도 천안시 서북구 직산읍 직산로 110,최순우,041-553-1569
10075832,타이아(주),진이진,광주광역시 광산구 신창로 127 (신창동) 신창타워 8층,변혜선,062-973-0782
10089376,헤리트,한미숙,경기도 성남시 분당구 대왕판교로 660 (삼평동),방영현,031-606-7157
10090996,주식회사 하드웰소프트,강치원,서울특별시 서초구 동산로13길 42 (양재동) 부전빌딩 402호,강치원,02-577-5333
10095083,(주)테크다스,고홍철,서울특별시 금천구 가산디지털1로 204 (가산동) 가산반도아이비밸리 510호,송미령,02-865-1313
10094894,(주)데브,윤정원,경기도 안산시 단원구 동산로27번길 112 (원시동),윤정원,031-494-4447
10099066,(주)아이투프럼,이동렬,서울특별시 강남구 도곡로7길 8 (역삼동),이정미,02-508-6570
10076383,(주)아이피씨앤비,송인창,서울특별시 강남구 도곡로1길 14 (역삼동) 삼일프라자 1016호,안한준,02-564-5485
10101145,주식회사 에이아이비즈,하승재,"서울특별시 동작구 상도로 369(상도동, 숭실대학교), 벤처중소기업센터 211호",하승재,02-334-6988
10103313,(주)우신아이티솔루션,김진경,서울특별시 금천구 가산디지털1로 84(가산동) 에이스하이엔드타워 8차 301-3,고민재,02-6123-5123
10107526,(주)티라로보틱스,"김정하, 김동경",경기도 성남시 중원구 둔촌대로 388(상대원동) 크란츠테크노 3층 304호,최아윤,031-732-6531
10108242,정현소프트,이은주,경상남도 창원시 의창구 팔용로 448 (팔용동),감상호,055-297-7247
10109207,솔라미,이정혁,경기도 의정부시 망월로 18-26 (호원동),이정혁,070-7664-2221
10104554,주식회사 인랩,손석봉,"서울특별시 성북구 동소문로 287-4(길음동) 지하1층, 지상1층",손석봉,010-****-****
10095947,(주)디플럭스씨앤씨,김회석,"서울특별시 금천구 가산디지털1로 171 (가산동), 가산에스케이브이원센터 806호 ",고영춘,02-6959-3080
10099614,(주)가산기술,배점한,경기도 성남시 수정구 창업로 43 (시흥동),배점한,031-753-3200
10101957,스마트업,서재옥,충청남도 천안시 서북구 직산읍 직산로 136,박인환,041-417-0461
10103805,주식회사 화담소프트,김기만,충청남도 아산시 남부로 342-6(풍기동),김기만,041-545-0308
10103931,훈민솔루션 주식회사,오석호,경기도 하남시 미사강변한강로 135 (망월동),권오병,070-7122-6168
10108274,(주)위존,박대현,서울특별시 강남구 강남대로 308 (역삼동),조미영,02-555-7401
10230179,한스마테크(주),김한석,서울특별시 성동구 연무장13길 9 (성수동2가),김한석,02-3409-0525
10231008,(주)크로이스,이재형,경기도 수원시 장안구 서부로 2066 (천천동),윤소윤,010-****-****
10231428,(주)케이알앤에이,정광수,경기도 안산시 단원구 신원로 111 (성곡동),이우영,070-5100-6227
10064826,(주)넥스트소프트,권희철,경기도 부천시 원미구 송내대로73번길 11 (상동),배효식,02-861-4201
10077464,(주)이유랩,정언종,서울특별시 마포구 성미산로17길 109 (연남동),김수일,02-858-0229
10069166,노블시스템(주),이희석,서울특별시 영등포구 여의대방로67길 21 (여의도동) 정곡빌딩 10층,이희석,02-6919-0460
10076403,(주)지오넥스,김희근,경기도 안양시 동안구 벌말로 66 (관양동),김희근,031-8084-9665
10078379,인텍원,장진택,경기도 안양시 동안구 시민대로327번길 11-41 (관양동),장진택,031-423-5956
10077599,(주)로보게이트,이창우,경기도 군포시 고산로148번길 17 (당정동) 군포IT밸리 B-1701,이창우,070-4814-0501
10231667,(주)에이치피에스이엔지,채익현,경기도 부천시 오정구 석천로 345 (삼정동),채익현,032-322-1114
10231722,로이랩스 주식회사,이한,서울특별시 금천구 가산디지털1로 100 (가산동),고요한,070-4333-8082
10232111,주식회사 아이엘포유,홍희영,"경기도 성남시 분당구 정자일로 248 (정자동, 파크뷰)",류양훈,02-571-7734
10233124,로봇플러스에프에이주식회사,김은경,부산광역시 강서구 범방3로 25 (범방동),김은경,051-972-0772
10233156,주식회사 잡채커뮤니티,윤성원,세종특별자치시 조치원읍 군청로 93,윤성원,010-****-****
10233493,주식회사 유정이엔지,염봄식,경기도 시흥시 옥구천동로 218 (정왕동),염봄식,031-504-1060
10233805,(주)포인랩,김창순,경상남도 창원시 마산합포구 3·15대로 298 (서성동),박진제,055-716-0710
10234179,로보에테크놀로지,이상훈,서울특별시 강남구 학동로97길 30 (청담동),이광민,010-****-****
10087021,주.카페인마케팅,이수안,충청북도 청주시 청원구 상당로 314 (내덕동),우보람,043-278-1313
10234295,(주)제이머신,심상호,전북특별자치도 완주군 삼례읍 테크노밸리로 112-27,심상호,063-263-9844
10234373,주식회사 샌드버그,배호진,부산광역시 남구 전포대로 133 (문현동),배호진,051-711-4488
10080327,주식회사 에이치앤아이씨,정용훈,서울특별시 금천구 가산디지털1로 171 (가산동),신현철,02-6237-7804
10079355,(주)엠티엠이엔티,진성기,서울특별시 성북구 화랑로14길 5 (하월곡동) 한국과학기술연구원  H-1동 982A,진 성기,02-2132-5155
10069138,(주)유플렉스소프트,김병섭,서울특별시 강남구 역삼로 138 (역삼동),김수홍,02-508-6808
10075791,(주)씨피엠에스,박정욱,경기도 안산시 단원구 광덕대로 187 (고잔동) 715호,조찬탁,031-480-5422
10001333,(주)비엠티,윤종찬,부산광역시 기장군 장안읍 신소재산단2로 17,윤보환,02-558-6801
10089480,(주)지에이치엠씨,백한승,서울특별시 강서구 마곡중앙4로 18 (마곡동),백한승,02-6956-6433
10092380,주식회사 한국엠프로,윤근수,"경기도 안산시 단원구 만해로 205, 타원타크라3차 A동 412,413호 (성곡동)",구본환,031-507-2299
10092804,(주)씨엘아이코리아,임진필,서울특별시 강남구 테헤란로88길 22 (대치동),안소현,070-4827-3047
10093136,윈디,백상윤,광주광역시 광산구 하남산단3번로 138 (장덕동),백상윤,062-956-0136
10074827,(주)에이티지소프트,오세문,경상남도 김해시 한림면 병동산단로 88,이정훈,055-322-2101
10075253,오씨아이정보통신,오선관,서울특별시 중구 소공로 94 (소공동),박웅식,02-6288-1053
10081454,(주)휴넷가이아,정희자,광주광역시 북구 첨단과기로208번길 43-22(오룡동) 에프비-1905호,정희자,070-4066-7319
10087903,씨에프티 유한책임회사,김정규,부산광역시 수영구 광남로 65 (남천동),이정화,070-4196-8700
10079542,원원테크,김우경,서울특별시 강서구 마곡중앙4로 22 (마곡동),김원태,02-2663-5184
10078572,농심엔지니어링,우덕현,서울특별시 동작구 여의대방로 112 (신대방동),김태우,02-827-2793
10078226,(주)심플랫폼,임대근,"서울특별시 금천구 가산디지털1로 226, 2003호 2004호(가산동, 에이스하이엔드타워5차)",장원선,02-6925-4334
10000798,(주)나라정보시스템,신상민,"충북 청주시 서원구 1순환로 1059, 119호(분평동 더스타일)",신상민,043-296-8400
10076272,두레정보,김태호,경상북도 구미시 고아읍 들성로9길 29 (문성 신화오페라하우스) 201동 103호,김태호,070-7798-1224
10067473,(주)넥스모어시스템즈,김용걸,서울특별시 성동구 아차산로 103 (성수동2가),우지나,02-556-3379
10005188,(주)레브웨어,류형규,서울특별시 구로구 디지털로33길 12 (구로동),남승중,02-890-3580
10081956,(주)하티오랩,남종호,"경기도 성남시 수정구 창업로 42, 7층 714,715호 (시흥동, 판교 제2테크노벨리 경기 기업성장센터)",박정열,031-605-5571
10077077,(주)에이치케이정보,"김종언, 한동균",경기도 안양시 동안구 엘에스로 136 (호계동),김종언,031-453-1065
10075480,부산인터넷방송국,김대정,부산광역시 부산진구 거제천로44번길 8 (양정동),김명지,051-316-2763
10077445,(주)미래정보기술,이만수,부산광역시 해운대구 센텀중앙로 48 (우동),박재한,051-731-0341
10075322,(주)한일솔루션,조헌국,서울특별시 영등포구 양평로 149 (양평동5가),이선미,02-2671-3475
10084867,지아인홀딩스주식회사,김경준,서울특별시 서초구 방배중앙로 210 (방배동),황혜진,02-782-2908
10064895,(주)더블유앤이케이,장정훈,서울특별시 금천구 가산디지털1로 168 (가산동) C동 1303호  (우림라이온스밸리 1차),장정훈,02-851-2761
10077899,주식회사 비즈에스아이,김성률,서울특별시 서대문구 이화여대3길 33 (대현동) 지층 208호,김성률,02-711-1858
10092088,메디케이시스템,김헌성,"전라북도 전주시 완산구 전주객사4길 46 (고사동), 8층 3호",김헌성,010-****-****
10097520,에스제이이엔지 주식회사,정우헌,대구광역시 북구 유통단지로 16 (산격동),권선화,053-383-0201
10098435,주식회사 알티엠,성기석,서울특별시 강남구 역삼로3길 11 (역삼동),이건영,02-2088-6780
10099050,주식회사 심지,정재욱,"울산광역시 울주군 청량읍 율리영해1길 54, 102호",이혜원,052-221-3007
10100122,아이티팜 주식회사,김정환,경기도 성남시 분당구 황새울로200번길 34 (수내동),김진호,031-717-9889
10084170,자이언트팩토리,손영진,부산광역시 금정구 두실로45번길 53 (구서동),손영진,051-582-0537
10107704,주식회사 마이띵스,이상호,대전광역시 서구 대덕대로233번길 28 (둔산동),박문권,070-8845-0927
10107855,(주)셀디코리아,이창헌,서울특별시 강남구 강남대로 364(역삼동),이창헌,02-6958-8556
10108203,(주)마키나락스,윤성호,서울특별시 서초구 강남대로 343(서초동) 신덕빌딩 11층,김학수,010-****-****
10108935,이음정보기술(주),배강수,서울특별시 금천구 디지털로9길 47 (가산동),배강수,02-6497-8432
10221249,주식회사 시노시스,신호용,서울특별시 송파구 법원로 114 (문정동),신호용,02-6949-0681
10104955,주식회사 제이솔루션,장홍석,"부산광역시 동구 초량중로 14(초량동, 애뜰안) 102",이경석  ,051-466-1980
10231105,(주)헬퍼로보틱스,최재원,서울특별시 광진구 광나루로 478 (구의동),장민하,010-****-****
10233261,(주)에이치디엔닷,서현원,서울특별시 송파구 송파대로 167 (문정동),박성원,02-2054-3277
10232976,라온정보랩스,이헌곤,대구광역시 달서구 송현로 205 (본동),이헌곤,053-283-3700
10233778,(주)다원,"강도원, 박태순",경기도 광명시 일직로 43 (일직동),강도원,02-6334-0924
10108725,주식회사 이스트,신승찬,"경상북도 경산시 진량읍 공단9로12길 25, 104호 (재)경북아이티융합산업기술원 ",김종훈,053-581-6648
10234075,(주)웰스테크,하재문,부산광역시 해운대구 센텀중앙로 97 (재송동),이찬호,010-****-****
10234143,주식회사 머스트리,김성환,서울특별시 광진구 능동로 120 (화양동),정예원,010-****-****
10233653,커네팅,이승민,울산광역시 울주군 웅촌면 곡천동문길 32,이승민,052-935-1107
10234221,(주)케스트,사공 경 상,서울특별시 구로구 디지털로26길 5 (구로동),김철민,02-6953-5906
10233895,에스제이엘이노베이션,송충식,서울특별시 중랑구 신내역로3길 40-36 (신내동),김병수,02-6949-6145
10096620,에이치디현대로보틱스 주식회사,김완수,대구광역시 달성군 유가읍 테크노순환로3길 50,김동욱,053-670-7164
10069771,주식회사 위블링,김성경,"서울특별시 영등포구 여의대로 24(여의도동), 21층",이현성,02-2055-4084
10232743,인터텍 주식회사,김진훈,대구광역시 수성구 알파시티1로42길 11 (대흥동),김민성,053-269-0501
10232904,비피그룹,박항석,서울특별시 영등포구 의사당대로 83 (여의도동),박항석,070-8726-5700
10097127,(주)데이토즈,김은아,서울특별시 금천구 디지털로9길 99 (가산동),유현열,010-****-****
10233981,은승시스템,이은승,경상남도 창원시 의창구 동읍 주남로17번길 20,이은승,055-285-7900
10234227,(주)한국수송기산업,강진호,경기도 평택시 서탄면 서탄로 446-25,김명섭,031-663-2631
10234230,주식회사 스타로보웰즈,강길수,경상남도 양산시 주남로 288 (주남동),황기훈,010-****-****
10232701,포스페이스랩 주식회사,승영욱,서울특별시 강남구 테헤란로 147 (역삼동),최성찬,010-****-****
10234320,(주)한아기계,허남진,경상남도 김해시 상동면 동북로437번길 177-9,라주호,051-714-1728
10234334,(주)이에스솔루션즈,신지욱,경상북도 구미시 1공단로 217 (공단동),신지욱,010-****-****
10077553,생각샘터,최성률,경상남도 창원시 의창구 북면 동전산단동로37번길 42,최성률,055-607-3719
10077955,주식회사 여누솔루션,황순주,경기도 하남시 조정대로 150 (덕풍동),황순주,02-1577-6794
10078809,(주)쓰리에스인포,강진호,부산광역시 남구 수영로 233 (대연동),문광곤,051-710-6791
10076545,주식회사 뉴로메카,박종훈,서울특별시 성동구 아차산로 78 (성수동2가),김도훈,070-5001-6002
10083726,오엔에스커뮤니케이션,이강권,경기도 성남시 분당구 구미로 16 (구미동),이강권,070-4236-3339
10081049,블루코어(주),송영호,경기도 시흥시 오이도로 49-6 (정왕동),윤천일,031-477-7753
10083530,(주)디엔비소프트,송석영,"강원도 원주시 지정면 신지정로 202, 퀸즈파크더플라자 7층",강희준,070-7424-0222
10005513,(주)캐디언스시스템,이형복,서울특별시 금천구 가산디지털1로 212 (가산동),임범규,070-7090-9100
10075389,주식회사 유비덤,최윤환,경기도 안양시 동안구 엘에스로91번길 16-39 (호계동) 안양IT밸리 1002호,최윤환,031-360-7311
10075363,(주)이즈파크,김갑산,경상남도 창원시 의창구 창원대로18번길 46 (팔용동) 경남창원과학기술진흥원 816~818호,권태곤,02-6430-1622
10074768,(주)인밸류비즈,박정희,"서울특별시 영등포구 영신로 220 (영등포동8가), 1311호(knk디지털타워)",김문재,02-786-0355
10075760,에이드인더스트리스,최근하,경기도 부천시 양지로 205 (옥길동) 서영아너시티2차 H405호,최근하,070-4335-3969
10078152,라온프렌즈 주식회사,허재행,광주광역시 북구 첨단과기로 123 (오룡동),곽민준,070-7777-3804
10077797,(주)브로넥스,오영탁,경기도 수원시 영통구 영통로 237 (신동),오영탁,031-306-0426
10087668,(주)브이엠에스 솔루션스,김병희,경기도 용인시 수지구 신수로 767 (동천동) A동 2001호,이민섭,031-276-4746
10079107,아이보우소프트 주식회사,진익희,서울특별시 금천구 벚꽃로 244 (가산동) 벽산디지털밸리5차 1410호,진익희,02-6956-7116
10079512,씨와이,조영득,"경기도 안양시 동안구 시민대로248번길 25 (관양동) 406, 504, 505호",김순혁,031-388-8725
10096408,(주) 모비스,김지헌,"경기도 성남시 분당구 판교로 253 (삼평동, 판교이노밸리), C동 2층 203호",최재훈,031-8018-8484
10106184,주식회사 동양엔아이엔씨,문회권,"서울특별시 마포구 만리재로 15(공덕동), 1306호",문회권,02-701-7377
10106299,아크릴,박외진,"서울특별시 강남구 선릉로 704(청담동), 청담 벤처프라자 11층",김진환,02-557-4958
10107040,주식회사 에이아이네이션,곽지훈,서울특별시 서초구 매헌로 16(양재동) 리빙관3층 ,한승호,02-2155-1260
10108110,(주)투비시스템,길민식,경기도 성남시 수정구 대왕판교로 815 (시흥동),길민식,031-5171-5742
10108158,이크론소프트,문성원,경상남도 김해시 해반천로130번길 17 (삼계동),조동준,055-335-3175
10108197,플랙토리 주식회사,김태훈,경기도 성남시 수정구 창업로 43 (시흥동),김태훈,031-698-2337
10221104,(주)씨디알아이,김준일,충청북도 청주시 흥덕구 오송읍 오송생명1로 194-25 SB플라자 3층 A-13호,이세영,02-6225-5253
10230026,주식회사 씨앤디,이성구,경기도 안산시 단원구 풍전로 37-24 (원곡동),이성구,010-****-****
10065540,한솔코에버(주),안상윤,서울특별시 금천구 가산디지털1로 168 (가산동),최종성,02-859-7788
10089078,(주)아이리더스,김동현,경기도 수원시 영통구 신원로 55 (신동),김동현,031-213-3225
10093912,선반도체,최용규,충청북도 청주시 흥덕구 직지대로436번길 76 (송정동),최용규,043-272-1146
10104268,대신티엔아이 주식회사,기승주,전라남도 목포시 하당로 312(옥암동) 202호,기승주,061-282-1002
10231408,성영로보틱스(주),김호남,경기도 김포시 양촌읍 황금로257번길 17,김호남,010-****-****
10098821,에이젠,장준혁,경상남도 창원시 의창구 용지로293번길 28 (사림동),김성호,055-262-8011
10092229,(주)잉클,조윤찬,"충청남도 천안시 서북구 천안천4길 32 (와촌동, 천안역세권 지역전략사업지원 행복주택)",김형기,010-****-****
10101093,주식회사 써로마인드,장하영,"서울특별시 관악구 남부순환로 1802 (봉천동, 관악캠퍼스타워)",홍정민,02-872-5127
10101855,(주)삼부시스템,유철호,"서울특별시 강남구 선릉로82길 13(대치동), 6층",윤교숙,02-538-4001
10102558,넷킬러 주식회사,정성욱,서울특별시 강남구 영동대로 417 (대치동),한해정,02-2052-0453
10103047,(주)디지포레,박성훈,충청남도 아산시 배방읍 희망로46번길 45-7,박성훈,070-5014-3721
10104379,제타소프트,장은석,경기도 화성시 동탄영천로 131 (영천동),장은석,031-890-3458
10104419,(주)디엑스솔루션즈,김종인,경상남도 창원시 성산구 완암로 50 (성산동),홍민경,055-601-9300
10079676,마크베이스,김성진,서울특별시 강남구 테헤란로20길 10(역삼동),정용진,02-2038-4606
10105514,(주)엑타스,박금성,"서울특별시 금천구 벚꽃로 286(가산동), 1213호",박금성,02-6959-5020
10107067,에스링크비즈니스,송정호,서울특별시 양천구 목동동로 293(목동) 3011호,송정호,02-813-8640
10108022,(주)마이링크,박상일,대전광역시 유성구 유성대로1689번길 70 (전민동),박상일,02-3789-1055
10108483,주식회사 메이크,양철승,경기도 광명시 일직로 43 (일직동),양철승,032-345-0014
10108412,주식회사 유니컴퍼니,양승호,광주광역시 북구 첨단과기로 333(대촌동) 벤처지원센터 306호,김별,062-222-1800
10109001,주식회사 메타몰프,김명각,서울특별시 금천구 가산디지털1로 168 (가산동),김명각,070-7795-0003
10221019,주식회사 플렉스로직,박상규,충청북도 청주시 서원구 남이면 남이외천1길 26-51,이만규,043-265-0833
10221183,주식회사 아이엠지로드,최명학,부산광역시 북구 만덕3로16번길 1 (만덕동),심경철,055-312-5720
10230313,주식회사 키소스,조명현,서울특별시 금천구 서부샛길 606 (가산동),조명현,02-3445-2016
10077465,애니온,김현진,대구광역시 달서구 구마로10길 26 (본동),박상민,053-625-0550
10069708,(주)경성하이테크,신우철,경상남도 김해시 한림면 김해대로 1102-20(주)경성하이테크,신우철,055-343-3561
10230976,(주)아이우분투,이현숙,경상남도 양산시 물금읍 서들로 142,이상윤,02-6964-7826
10077198,(주)케이앤솔루션,"남재도, 김경식",경기도 수원시 영통구 창룡대로 260 (이의동) 광교센트럴비즈타워 906호,남재도,031-216-7280
10065243,주식회사 트러시스시스템,성삼환,서울특별시 금천구 가산디지털1로 2 (가산동),최수영,070-4353-1966
10074853,주식회사 노드데이타,김신일,서울특별시 금천구 가산디지털1로 128 (가산동) 1811호,김성범,02-595-4450
10065413,(주)엑센솔루션,오세곡,서울특별시 금천구 가산디지털2로 169-16 (가산동),박노훈,02-2088-8811
10085730,(주)넥스톰,김성중,광주광역시 동구 금남로 193-12 (금남로4가),조용태,02-555-1947
10076609,주식회사 이엠포커스,유재성,경기도 안산시 상록구 해양3로 15 (사동),김세경,031-501-4875
10084586,(주)유토비즈,배종환,"대전광역시 유성구 테크노4로 17 (관평동), A동 503호 대덕비즈센터",박선희,042-825-3063
10085094,테라스트림,김보령,경상남도 창원시 의창구 평산로 33 (팔용동),김성홍,055-602-4277
10074892,(주)다울,안옥엽,전라남도 광양시 중마중앙로 217 (중동),최규동,061-795-3901
10001823,(주)휴먼아이티솔루션,최봉두,전라남도 무안군 삼향읍 남악3로 80,이수진,061-287-6633
10082102,넷플러스주식회사,손경섭,"경상남도 김해시 번화1로44번길12, 301호 (대청동 위더쓰리빌딩)",손경섭,055-329-7335
10086657,(유)호인,장영주,전라남도 목포시 삼향천로 4 (옥암동) 건영빌딩 5층,차유진,061-281-5225
10087265,주)리눅스아이티 ,권경주,광주광역시 광산구 금봉로44번길 53-18 (소촌동),이인철,062-971-3087
10083397,(주)비즈데이터,김태진,서울특별시 서초구 강남대로53길 8 (서초동) 4층 (스타크 강남빌딩),신동구,070-7843-5821
10086878,(주)예즈,고대형,서울특별시 송파구 정의로7길 13 (문정동),고대형,050-5700-5200
10087688,(주)비알테크,김진학,서울특별시 금천구 가산디지털2로 14 (가산동)대륭테크노타운12차814호,김수언,02-855-3073
10006937,(주)세피스,나한주,서울특별시 금천구 가산디지털1로 181 (가산동),강의석,02-852-4321
10074778,(주)마이크로모스,문희석,"서울특별시 송파구 법원로 128, 6층 씨608호, 씨609호(문정동, 문정에스케이브이원지엘메트로시티)",허성돈,02-566-1300
10075712,주식회사 팩앤롤,김은미,부산광역시 남구 수영로 60 (문현동) 지산빌딩 3F,한태진,051-1855-0313
10075868,타이거컴퍼니,김범진,서울특별시 송파구 법원로 128 (문정동),윤재훈,02-1668-3708
10088227,주식회사 리오정보기술,김종오,경상남도 창원시 마산합포구 3·15대로 298 (서성동) 경남대학교 창업보육관 602호,김종오,055-713-3250
10078757,(주)바이어블비젼,조원진,대구광역시 서구 북비산로74길 36 (비산동) (주)바이어블비젼,조용진,053-567-9300
10077223,(주)에스엠티코리아,이성환,경기도 화성시 동탄산단2길 7-3 (방교동),조대연,031-376-2401
10088824,(주)프레버소프트,김주영,경기도 용인시 기흥구 죽전로 10 (보정동),강구원,070-8682-0790
10088886,(주)퍼스트알앤디,이우선,대전광역시 유성구 갑천로 361-17 (탑립동),김가람,042-489-2900
10064817,휴먼시스템,진정창,"충청북도 청주시 청원구 오창읍 양청4길 45, B동 426호",이상아,043-277-8822
10077853,다다인포(주),고혜인,"부산광역시 연제구 연제로 30, 105동 1104(연산동, 시청역 비스타 동원)",고혜인,051-504-1311
10089081,아이앤디소프트,이동준,울산광역시 중구 명정9길 16 (태화동),이동준,052-277-0058
10089873,(주)삼정시스템,박정서,경상남도 창원시 마산회원구 내서읍 수곡로 16-1,정미경,055-231-3946
10082111,퓨처메인 주식회사 ,이선휘,경기도 수원시 영통구 법조로 25 (하동) 광교 SK 뷰 레이크타워 2010호,이신혜,031-893-9735
10089918,비아이소프트 주식회사,최영덕,대구광역시 수성구 동원로1길 20 (범어동) 1층 비아이소프트(주),최정안,053-744-5677
10089922,(주)한국오픈솔루션,이상부,경상남도 창원시 마산회원구 봉암북7길 21 (봉암동) 3동 303호,김일권,031-340-2867
10090915,주식회사뉴아틀란,정해원,서울특별시 은평구 연서로13길 33 (구산동) 2층,정해원,070-7504-5956
10091469,랩투마켓,장윤석,서울특별시 강서구 양천로 424 (등촌동),김남욱,02-3158-2094
10092333,씨엠씨테크,지만진,서울특별시 영등포구 여의서로 43 (여의도동) 905호,이윤희,02-785-6730
10086179,(주)모디,박현호,"전라북도 전주시 덕진구 상리1길 34 (팔복동2가), 205호",박현호,063-211-1140
10092771,다름,"이정식,정성기",대구광역시 달서구 월배로72길 45 (송현동),이정식,053-644-9374
10092616,주식회사 아이브,성민수,경기도 용인시 수지구 광교중앙로 338 (상현동),오정섭,02-579-8039
10094140,(주)에이엔솔루션,안찬균,경상남도 창원시 의창구 원이대로 320 (대원동) 티-410호,손문건,055-714-7581
10094803,슈어데이터랩 주식회사,최석주,"대전광역시 유성구 엑스포로446번길 38, 401호 (문지동, 리더스빌딩)",최석주,042-867-7600
10095093,(주)애니캐스팅소프트웨어,이남수,서울특별시 강서구 양천로 583 (염창동) 우림블루나인 B동 16층,윤중묵,02-3665-2493
10095395,미래산업,신봉근,대구광역시 달서구 호산로 37-19 (파호동) 미래산업,진성권,053-581-6648
10231524,우진 큐&텍,송우진,경상남도 김해시 진례면 테크노밸리1로 191,신은진,055-333-7987
10231694,(주)청송엔지니어링,이상문,대구광역시 달성군 구지면 국가산단대로33길 271,이헌영,053-526-8125
10231767,주식회사 비즈포스,황선민,충청북도 청주시 흥덕구 직지대로436번길 76 (송정동),김연지,043-211-9301
10108213,(주)허브솔루션,최범희,대구광역시 동구 동부로 29 (신천동),최범희,053-765-0077
10232331,(주)지오로봇,강태훈,대구광역시 달서구 달구벌대로 1130 (신당동),진상현,053-611-0030
10068268,(주)세아씨엔티,윤성식,광주광역시 광산구 하남산단천변우로 66 (도천동),노윤서,070-8740-1539
10233199,홍익정보기술주식회사,박상열,인천광역시 미추홀구 석정로 229 (도화동),박상열,070-8621-9724
10233041,더한2,김창희,"서울특별시 중구 동호로10길 30 (신당동, 약수하이츠)",김창희,010-****-****
10233534,(주)오픈컴,차희덕,서울특별시 강서구 공항대로 212 (마곡동),이장현,070-4617-2521
10233936,(주)이머시브캐스트,한장희,경기도 성남시 수정구 창업로 54 (시흥동),한장희,010-****-****
10234135,디엠솔루텍,안성민,경상남도 창원시 성산구 완암로 50 (성산동),황희연,055-714-7789
10234136,에이트테크,박태형,서울특별시 구로구 디지털로27길 13 (구로동),전민경,02-565-6033
10234182,신화,최석용,경상북도 경산시 와촌면 용천길26길 26,최석용,053-856-7514
10103378,주식회사 모아시스,오형근,경기도 화성시 동탄중심상가2길 8 (반송동),오형근,010-****-****
10072580,아티스시스템,박용식 ,서울특별시 금천구 가산디지털2로 70 (가산동) 대륭테크노타운 19차 1505호 ,장순기,02-6959-0670
10077745,감프정보기술 주식회사,서형준,서울특별시 금천구 가산디지털1로 225 (가산동),이용숙,02-521-4816
10078050,(주)한울정보,임영민,전라북도 전주시 덕진구 팔복로 59 (팔복동2가),임영민,063-210-8670
10065754,(주)코체인솔루션스,권기억,서울특별시 서초구 효령로72길 22 (서초동),이규찬,070-8240-2444
10065443,(주)아이비엘,박종길,울산광역시 북구 매곡산업로 21 (매곡동),박종길,052-258-2558
10080115,(주)엠일일사,장병헌,서울특별시 서초구 강남대로 309 (서초동),장병헌,02-586-5114
10063931,(주)와이즈엠시스템즈,김형건,서울특별시 금천구 가산디지털1로 19 (가산동),오재우,02-6213-5070
10078476,블루시스,김충환,경상남도 창원시 의창구 평산로 23 (팔용동),박황기,055-261-5456
10076308,밀레테크,이중선,서울특별시 서초구 반포대로28길 21-7 (서초동) 서한빌딩 4층,이중선,02-3473-0840
10075545,디비밸리(주),김차종,울산광역시 중구 종가6길 7 (우정동),배성호,070-4447-8209
10072444,(주)비즈솔루션코리아,김용겸,서울특별시 금천구 디지털로 121 (가산동) 에이스가산타워 709호,정호영,02-2026-8710
10075311,투윈시스템,최재남,부산광역시 강서구 유통단지1로 41 (대저2동),이강용,051-796-3810
10075368,(주)유비크코리아,최이연,서울특별시 영등포구 선유로 170 (양평동3가),최이연,02-2118-0716
10082941,(주)이노시스아이티,김정현,서울특별시 금천구 벚꽃로 286 (가산동),김정현,02-537-2324
10079229,주식회사 올립스,안진범,부산광역시 수영구 수영로642번길 28 (광안동),하현수,051-515-3468
10078857,엘앤코리아,이율민,경기도 안양시 동안구 벌말로 66 (관양동),박동훈,031-8068-6664
10076193,아이티스코,이민우,대구광역시 수성구 시지로 24 (시지동) 골드빌딩 4층 301호 아이티스코,이민우,053-792-1647
10079503,(주)이룸커뮤니티,이세형,"대구광역시 달서구 중흥로 20 (송현동) 3층 303호, 중소기업성장지원센터",이세형,053-268-1516
10063297,(주)태진시스템,김영남,경상남도 양산시 산막공단남4길 23-1 (북정동),박연숙,055-366-2413
10084918,조이팩토리(주),이병민,서울특별시 금천구 두산로 70 (독산동),이병민,02-6952-0351
10076425,(주)지엠피아이티,박태석,서울특별시 금천구 디지털로 121 (가산동),이성식,02-867-8477
10063204,코아정보기술(주),이명진,경상남도 창원시 성산구 창원대로 754 (외동),박용욱,070-4912-0056
10083017,(주)와이시스템,이영표,강원도 영월군 영월읍 하송로 58-2,방한라,033-372-5033
10084231,주식회사 에스엠티비전,김동윤,서울특별시 금천구 가산디지털1로 225 (가산동),김요한,02-6956-6300
10085198,(주)제너지,김한수,서울특별시 강서구 마곡중앙로 165 (마곡동) 안강프라이빗타워 1차 816호,김성준,02-3662-3868
10065844,(주)포커스정보,박홍식,부산광역시 사상구 가야대로 330 (주례동),박영식,051-312-9527
10065910,주식회사 케이엔아이씨,남창현,경상남도 창원시 마산회원구 봉암공단13길 15-13 (봉암동),남택균,070-4260-0009
10079750,(주)인터페이스정보기술,박준규,서울특별시 금천구 가산디지털1로 212 (가산동) 코오롱디지털애스턴 1505호,서정민,02-443-3274
10065404,(주)윌두,임효식,서울특별시 금천구 가산디지털2로 67 ~ 67 가산동 에이스하이엔드타워 7차 601호,임효식,02-867-4102
10076957,아엠씨소프트(주),배성안,경상남도 창원시 마산회원구 봉암북7길 21 (경남지능형홈산업화센터) 4동 303호 ,배성안,055-231-1566
10075945,(주)기창인포텍,김석진,"서울특별시 금천구 가산디지털2로 67, 1703호(가산동,에이스하이엔트타워7차) ",조형우,02-862-3377
10076094,주식회사 디라이트파트너,이훈석,서울특별시 금천구 가산디지털1로 146 (가산동),이광원,02-2059-1188
10063985,(주)지에스티,오준철,부산광역시 북구 효열로 111 (금곡동),오지희,070-7017-7373
10085258,(주)비즈에이앤씨(Biz A&C),박춘식,"대전광역시 유성구 테크노4로 17, 2층 제비 211호(관평동, 비즈센터)",박향신,02-943-1370
10077512,주식회사 옥토,정혜란,"경상북도 포항시 남구 지곡로 394(지곡동, 포항테크노파크) 벤처동 108호",조용말,054-221-7833
10086231,(주)대암정보기술,황내연,"경상남도 창원시 성산구 상남로 37(상남동) 9층 923호(상남동, 덕산베스트텔)",황내연,055-602-2088
10075225,(주)쿨스,김효열,부산광역시 강서구 녹산산단232로 16 (송정동),고지혜,051-941-2339
10001865,(주)제이에스시스템,이상도,대구광역시 수성구 알파시티1로31길 39 (대흥동),이문용,053-943-0154
10075877,슬랙앤소프트 ,고강록 ,경기도 남양주시 다산지금로 202 (다산동),이종현,02-565-7193
10086868,주식회사 스마트앤유,박석규,서울특별시 마포구 모래내로3길 7 (성산동),박노근,02-336-1422
10082351,(주)성화정보기술,임병석,"부산광역시 연제구 중앙대로1226번길 30 상가동 4층(거제동, 태경썬-싸인 아파트)",정종권,051-752-2101
10064103,화인정보기술(주),이상헌,부산광역시 부산진구 거제대로 86 (양정동),이재우,051-553-2841
10080489,(주)성민소프트,이숙,전라북도 전주시 완산구 산월1길 12 (중화산동2가) 2층,이지송,063-236-2410
10081140,(주)일진정보,박희준,경상북도 경주시 북성로 41(성건동),김현태,054-773-6550
10089247,다빈소프트,김종헌,경상남도 창원시 의창구 창원대로18번길 46 (팔용동),김종헌,055-256-4456
10089593,(주)영전산기,김장민,부산광역시 사상구 새벽시장로46번길 54 (감전동),김장민,051-314-1631
10090368,주식회사 금강시스템스,유우창,"부산광역시 해운대구 센텀중앙로 90, 2202호 (재송동, 큐비e센텀)",윤지영,051-988-0060
10068258,(주)티앤테크,이재훈,대구광역시 수성구 수성로 140-3(상동) 호암빌딩 3F,박세은,053-765-0880
10091604,(주)블루넷,김나래,경상남도 창원시 의창구 차룡로48번길 44 (팔용동),김나래,055-688-5927
10092076,비컴시스템,김상민,부산광역시 강서구 명지국제2로28번길 3 (명지동)  509호,김상민,051-959-1019
10092662,(주)세진아이티,조종수,서울특별시 금천구 가산디지털2로 108 (가산동),조종수,02-859-7980
10093480,주식회사 지오티솔루션,손동규,경상남도 창원시 진해구 연구단지1길 16 (여좌동),손동규,055-713-3737
10084758,코스카,황인준,경상남도 창원시 진해구 진해대로864번길 12 (석동) 201호,황인준,055-1307-2034
10101991,아이엠에스,이상호,대구광역시 달서구 성서공단로11길 62 (호산동),이상호,053-269-6982
10102450,유니온시스템,신준호,대구광역시 수성구 알파시티1로 105(대흥동) 더스마트타워 401호,신준호,053-744-4603
10102884,선우엔지니어링,김성우,대구광역시 북구 3공단로 159 (노원동3가),김성우,053-356-0564
10077089,주식회사 와이즈컨,전세형,대전광역시 유성구 테크노4로 17 (관평동),김태현,042-936-0527
10103932,인텔리즈,나현식,"충청남도 천안시 서북구 천안천4길 32 (와촌동, 천안역세권 지역전략사업지원 행복주택)",나현식,070-7006-8916
10104151,주식회사테이큰소프트,임상현,경상북도 경산시 대학로 280(대동) 영남대학교 창업보육센터 신관 218호,박현진,053-811-1700
10104672,로비고스,김태용,인천광역시 연수구 송도과학로 70 (송도동),김태용,032-715-4345
10105571,한국스마트기술센터,이진재,경상북도 경산시 원효로 296 (평산동),이진재,053-812-6701
10105844,(주)제이스마트솔루션,"양혜숙, 정응현",경상북도 포항시 남구 대이로 183 (이동),정길수,02-6265-6016
10108229,(주)보티,김화중,세종특별자치시 집현중앙7로 6(집현동) B동 607호,오희경,044-415-1931
10221029,주식회사 커스토메이드,최진국,부산광역시 강서구 맥도강변길 909 (대저2동) 주식회사 커스토메이드,최진국,051-361-3432
10221110,에스디티 주식회사,윤지원,"서울특별시 강남구 테헤란로44길 5 (역삼동) 10층 ( 역삼동, 대아빌딩 )",양상철,02-3453-7494
10230509,(주)클라우드나인,김진권,광주광역시 북구 첨단과기로 123 (오룡동),조현준,062-971-5214
10231390,성화메카텍,신희도,경상남도 김해시 진영읍 하계로 246,신희도,055-344-3048
10231548,주식회사 쓰리디오토메이션,이상진,대구광역시 북구 호암로 51 (침산동),이상진,053-422-0122
10231586,대명포장기계,김기흔,대구광역시 달성군 다사읍 세천로10길 44-10,정미선,010-****-****
10232549,주식회사 심투리얼,전다형,대전광역시 유성구 대학로 99 (궁동),한상미,042-0000-0000
10232840,레켄즈 시스템,김영욱,경상북도 경산시 진량읍 대구대로 230,김영욱,010-****-****
10234065,(주) 로보스,박재현,경상남도 김해시 주촌면 골든루트로 80-59,오현민,070-8811-0401
10234081,엠아이엠,김영재,울산광역시 중구 종가로 362-11 (교동),김영재,052-716-0058
10234202,(주)솔비트,홍호진,서울특별시 서초구 방배로 210 (방배동),이학준,070-4760-6117
10234254,주식회사 능인솔루션,신현종,서울특별시 금천구 가산디지털2로 14 (가산동),김정호,02-2029-7050
10234213,주식회사 더이노베이터스,최광선,인천광역시 연수구 컨벤시아대로 165 (송도동),조용재,010-****-****
10234261,(주)운창메카텍,임화용,경상남도 김해시 한림면 김해대로1288번길 56,임수정,055-345-3012
10234280,주식회사 엘핀,박영경,서울특별시 강서구 양천로 583 (염창동),김건희,010-****-****
10234286,(주)테이슨,김영우 ,서울특별시 성동구 성수이로10길 14 (성수동2가),이승연,02-468-1197
10234292,(주)유밀테크,신재필,경상북도 경산시 한의대로 155-9 (점촌동),신재필,053-593-0356
10075957,(주)케이에스피소프트,박승수,"서울특별시 금천구 가산디지털2로 70, 대륭테크노타운19차 1415호",박경수,02-1661-0351
10065729,(주)케이아이에스,손동목,대구광역시 북구 경대로17길 47 (복현동),육준화,053-755-0081
10065526,(주)비앤에프소프트,전윤호,"대구광역시 북구 경대로17길 47, 1109호 (복현동, 경북대학교 아이티융합산업빌딩)",윤성태,053-756-0900
10078817,(주)비지언스,권오훈,서울특별시 금천구 가산디지털2로 101(가산동) 한라 원앤원타워 B동 1411호,정재의,02-6494-1245
10065020,(주)이씨스,하동현,부산광역시 동구 중앙대로 240 (초량동) 현대해상빌딩 6층,권오필,051-966-7000
10088140,(주)포엠텍,김만철,경상북도 포항시 남구 효자로118번길 11 (효자동) 2층,김현수,054-283-4232
10089361,(주)블루비즈 창원지점,김용현,경상남도 창원시 의창구 차룡로48번길 52 (팔용동) 4층 405호,정영진,070-7779-2004
10077467,(주)솔코,박광수,경기도 의왕시 이미로 40 (포일동),이정우,031-8069-8300
10064905,신라정보기술(주),정양근,경상남도 창원시 의창구 사화로 210 (팔용동),정양근,055-295-5110
10008185,티엔씨파트너주식회사,김철두,서울 구로구 구로3동 벽산디지털밸리7차 705호,유미선,02-565-3880
10064782,(주)샤코시스템,전용주,경남 창원시 성산구 성산동 창원sk테크노파크 테크동 909,민인식,055-714-1112
10078054,엠엔디시스템,장정호,경상남도 양산시 물금읍 범구로 25,장정호,055-385-4832
10064150,(주)아크라인소프트,정석길,서울 금천구 가산디지털1로19 대륭테크노타운18차 1709호,박성일,02-861-6302
10095474,(주)에이치티씨시스템,김성수,경기도 의왕시 오봉산단1로 12 (이동),김성수,031-423-0430
10095768,삼보테크놀로지,이성관,경상남도 김해시 상동면 상동로 224-57,이성관,055-744-8421
10098025,디바이즈솔루션,최인천,부산광역시 해운대구 센텀중앙로 90(재송동) 919호,최인천,051-6770-0647
10103375,포인드(주),이채수,"경상북도 구미시 구미대로 350-27(신평동), 모바일융합기술센터 320호",이진규,054-456-3401
10104749,엔에스비,박경태,부산광역시 남구 용소로40번길 16 (대연동),박경태,070-8220-0522
10102734,주식회사 케이디에이,강희광,전라북도 전주시 완산구 천잠로 303(효자동2가) 전주대학교 창업보육동,강희광,063-212-3205
10085642,스마트로봇연구소(주),한수진,부산광역시 연제구 법원로32번길 10 (거제동),한수진,051-925-9555
10105220,주식회사튜링시스템,조정순,"서울특별시 서초구 논현로 87, B동1402호(양재동)",조정순,02-576-2695
10107127,디인사이트,조재상,경상남도 창원시 성산구 전기의길 10 (성주동),강경화,010-****-****
10221382,블럭나인,손영환,서울특별시 금천구 가산디지털1로 84 (가산동),최원준,02-6949-0454
10230481,(주)아페스,김진성,충청북도 진천군 진천읍 문진로 1167,유용준,010-****-****
10000966,중소기업기술정보진흥원,김영신,"세종특별자치시 남세종로 160 (집현동, 새나루마을1단지)",최욱진,044-300-0975
10108627,(주)로봇템,박준호,충청남도 아산시 둔포면 이화길 126,정희,041-547-2135
10231406,진영에프에이,배근태,대구광역시 달성군 다사읍 대실역북로5길 46-12,배근태,054-472-8183
10231427,대한피앤씨,이일곤,대구광역시 달서구 성서서로36길 23 (갈산동),김상우,010-****-****
10078175,주식회사 루트시스템,김상동,대구광역시 북구 호암로 51 (침산동),김상동,070-7622-0074
10069259,(주)위저드 정보시스템,이경미,"대구광역시 서구 와룡로 307, 822호 (중리동, 디센터1976지식산업센터)",이경미,053-355-0935
10088493,주식회사 제이투모로우원,장석균,"광주광역시 북구 추암로 249, 402호 (월출동, 3D융합상용화지원센터) ",장석균,18993862
10093808,네이처아이(주),배민수,"경상북도 포항시 남구 지곡로 394 (지곡동, 포항테크노파크)",김도균,054-233-2288
10064856,(주)한국몰드,고일주,울산광역시 북구 매곡산업1길 21 (매곡동),곽지은,010-****-****
10232538,에스엔정보기술,구동남,경기도 안양시 동안구 엘에스로 142 (호계동),손무석,031-468-1688
10233152,이지원랩스,구예림,부산광역시 강서구 과학산단1로60번길 30 (지사동),이동훈,010-****-****
10234192,신한테크(주),한호식,서울특별시 성동구 아차산로 103 (성수동2가),손우현,02-2244-8948
10094992,빅웨이브로보틱스 주식회사,김민교,서울특별시 강남구 역삼로 542 (대치동),김선홍,010-****-****
10234244,올래디오 주식회사,이주연,경기도 안양시 만안구 덕천로34번길 76 (안양동),김세훈,031-467-7009
10234263,윤현소프트,우정학,대구광역시 달성군 다사읍 서재로30길 17 (서재보성타운),우정학,010-****-****
10102230,주식회사 신세기인터내셔널,김용환,서울특별시 구로구 디지털로20길 24(가리봉동),이선주,02-778-2810
10002443,유한회사 코아시스템,강순옥,경상남도 창원시 의창구 평산로 23 (팔용동),정재훈,055-256-4456
10075982,(주) 단디코리아,홍경표,서울특별시 금천구 가산디지털1로 212 (가산동) 608호, 홍경표,070-7704-7890
10076254,주식회사 이맥스아이씨티,최효수,"부산광역시 동래구 중앙대로 1523(온천동), SK허브스카이 B동 B5-25호",최효수,051-553-2112
10075807,주식회사 애드온소프트,주진형,대구광역시 수성구 알파시티1로 30 (대흥동) 5층 501호 그루타워,주진형,053-290-0510
10075185,티에스에스,박호열,"경상북도 구미시 1공단로 212, 한라시그마밸리 1018호",김병호,070-4027-1925
10077412,클릭원스,구효철,경상남도 창원시 마산회원구 내서읍 광려천남로 59,구효철,055-231-9930
10008256,세명일렉트로닉스(주),김병주,경상남도 양산시 물금읍 동중6길 30-1,김성민,055-372-1333
10082261,와이케이시스템,윤동원,부산광역시 강서구 유통단지1로 41 (대저2동) 115동 201호,윤동원,070-4606-5509
10076158,(주)아이엠솔루션즈,문점생,경상남도 김해시 계동로 241 (대청동),문점생,055-335-5578
10076072,(주)재상피앤에스,오태강,경상남도 창원시 의창구 차룡로48번길 44 (팔용동),김슬기,055-606-3777
10085193,(주)제이솔루션,권세기,대구광역시 북구 대학로 91 (산격동),손창희,053-1644-3950
10061848,유비즈정보기술(주),손명준,대전광역시 유성구 테크노4로 17 (관평동) 대덕비즈센터 D동 616호,송지훈,042-483-4480
10078482,코앤코시스템,이영희,울산광역시 동구 화암7길 4 (방어동),이덕상,052-289-1913
10082655,케이데이터랩 (주),손정휘,경상남도 창원시 의창구 차룡로48번길 44 (팔용동),손정휘,055-980-3388
10086171,(주)세아소프트,조영훈,대구광역시 달서구 송현로 205 (본동),조영훈,053-525-5530
10065176,리치앤타임(주),정용호,경상남도 창원시 성산구 원이대로 320 (대원동),황재훈,02-856-3223
10065874,(주)나인에스티,"유 봉기, 신 준환",서울특별시 구로구 디지털로30길 28 (구로동),손연지,02-3463-4071
10088258,(주)천일아이엔씨,박호진,부산광역시 부산진구 전포대로 217 (전포동) 3층,이승국,051-464-6213
10081725,(주)블루시스,지승현,대구광역시 동구 동부로30길 59 (신천동) 2F (201호),지승현,02-408-7055
10090274,주식회사 스마트해썹앤팩토리,김혜정,"경상남도 진주시 동부로169번길 12 (충무공동), B동 1409호",강민관,055-795-2589
10092687,주식회사 하이스마트,강민관,"전라남도 나주시 그린로 317-13(빛가람동) 403호(빛가람동, 해송타워)",강민관,055-574-7564
10095220,주식회사 유니전스,임윤수,서울특별시 강남구 양재천로 179 (도곡동),육성훈,02-6348-2203
10077836,(주)제이비소프트,홍영희,전라북도 전주시 덕진구 반룡로 109 (팔복동2가) (재)전북테크노파크 테크노빌 A동 302호,홍영희,063-212-3205
10097695,"파란소프트, 포토솔루션",정왕재,부산광역시 해운대구 센텀북대로 60 (재송동),정왕재,051-624-5075
10098310,(주)위트코시스템즈,허준영,서울특별시 금천구 두산로 70(독산동) 현대지식산업센터 6층 621호 (주)위트코시스템즈,이태연,02-865-4086
10098831,주식회사 비엔씨테크,조현일,서울특별시 금천구 가산디지털2로 166 (가산동),조현일,02-2066-8040
10102949,(주)디월드,조기창,대구광역시 달서구 성서로67길 47(갈산동),조재훈,053-955-0011
10104760,GS 시스템,오태진,대구광역시 서구 염색공단로 11길 (비산동) 17,오영정,053-354-0476
10108251,라온씨앤씨,이수현,경상남도 창원시 의창구 차룡로48번길 54 (팔용동),정병호,055-267-2004
10108435,주식회사 로맨,박찬용,대구광역시 중구 태평로 160(북성로1가) 12층 주식회사 로맨,신재환,070-5226-2847
10107595,(주)월드씨앤에스,김용광,제주특별자치도 제주시 조천읍 남조로1길 174,박다혜,070-4420-0124
10232531,주식회사 제이케이아이앤씨,정연희,부산광역시 남구 신선로 365 (용당동),강인희,051-581-7000
10076667,유진로봇,박성주,인천광역시 연수구 하모니로187번길 33 (송도동),유연희,032-550-2353
10086117,큰솔시스템 주식회사,김정환,경상남도 창원시 진해구 천자로385번길 9-16 (풍호동),김정환,055-545-8297
10064015,(주)위드인포텍,서병순,"대구 달서구 달서대로 559, 410호(신당동, 이노비즈타워)",서병순,053-722-0050
10080274,주식회사 네트워크코리아,신동환,대구광역시 북구 대천로9길 11-5 (읍내동),이영란,053-326-0114
10087278,엠엠테크놀로지,최경훈,경기도 안양시 만안구 덕천로 152번길 25 안양아이에스비즈센트럴 B동 1010B,최경훈,031-413-5117
10104671,주식회사 제스엔지니어링,김태호,광주광역시 북구 첨단과기로208번길 43-22(오룡동) A동 1505호~1507호,김태호,062-975-0433
10002865,거림아이티 주식회사,이영원,대구광역시 수성구 알파시티1로35길 13 (대흥동),박시영,053-719-3026
10006674,(주)임픽스,이상호,"서울특별시 동대문구 천호대로 375 (장안동), 3F",최은규,02-745-8324
10081807,오리진컨설팅,정성욱,서울특별시 강남구 논현로131길 10-3 (논현동) 3층,정성욱,02-2135-9395
10086318,(주)케이아이에스,장래현,충청북도 청주시 청원구 상당로 314 (내덕동),임명숙,043-219-1501
10074823,(주)블루비즈,김용현,"전라북도 전주시 덕진구 만성북로 51-25, 3046~3049호 (만성동, 스페이스온 지식산업센터)",유제열,063-214-0210
10087978,(주)이맥스하이텍,장명섭,경기도 남양주시 순화궁로 249 (별내동),장명섭,070-8846-1106
10063935,(주)카리스마아이텍,최성임,"서울특별시 금천구 두산로 70 (독산동,291-1) 현대지식산업센터 A동 1802호",이성일,02-2169-2920
10072447,유림정보시스템,심현보,충청남도 천안시 동남구 청수9로 47(청당동) 5층 505호,배승곤,070-7092-0777
10095253,(주)지디엔시,김석배,경기도 화성시 동탄영천로 150 (영천동),김석배,043-904-6223
10064774,아이티콤,성명호,"서울특별시 영등포구 선유로 130, 1409호(양평동3가,에이스하이테크시티3)",엄혜원,02-6952-4364
10078435,주식회사 미라클시스템즈,이정현,"부산광역시 동구 자성로133번길 6 (범일동, 진흥 마제스타워 범일)",김민정,070-7732-0034
10079003,제이솔루션,김진영,경기도 광명시 범안로996번길 6 (하안동),김진영,031-472-3316
10079687,주식회사 이트랜드,조수기,전라남도 담양군 담양읍 추성로 1364,김철중,062-529-3300
10077480,(주)아라아이티이엔지,김창원,"인천광역시 서구 청라에메랄드로 94 (청라동), 백양청라빌딩 601호",김현진,032-566-0829
10065025,두베 주식회사,이용웅,"경상남도 양산시 주남로 288, 6607호",이용웅,070-4044-8972
10074807,에이치디솔루션즈(주),양승일,서울특별시 구로구 디지털로 272 (구로동) 한신IT 709,임동혁,02-6918-3800
10069119,(주)일주지앤에스,김정엽,부산광역시 동래구 석사로 10-1 (사직동) 률영빌딩 5층,황정연,051-502-4570
10071993,(주)이지지오,김정수,부산광역시 사상구 모덕로95번길 108 (모라동),박주연,051-327-4047
10095697,주식회사 썬더디에스,정운태,서울특별시 금천구 디지털로9길 33 (가산동) 1201호,이현지,02-585-4550
10102605,(주)에이엔디시스템,고기영,부산광역시 강서구 유통단지1로58번길 48(대저2동) 304동203호,고기영,051-714-0749
10103024,스페이스뱅크,이원희,경기도 성남시 수정구 달래내로 46 (시흥동),이원희,070-4231-0270
10104546,팀에브리웨어,"이다한, 최원기",부산광역시 남구 전포대로 133 (문현동),이다한,02-565-0224
10104983,지인씨앤아이(주),유병재,서울특별시 마포구 큰우물로 75(도화동) 성지빌딩 3층 304호,유병재,070-7780-5378
10105871,뉴젠제트(주),최영신,서울특별시 영등포구 경인로 775(문래동3가) 1동 1103호,박현용,02-1544-7230
10221165,(주)운약근답 올핏,김남중,서울특별시 강남구 강남대로 342 (역삼동) 4층 415호,김정윤,02-568-1306
10230300,주식회사 디지털바인즈,양민영,충청북도 청주시 흥덕구 직지대로436번길 76 (송정동),남상순,070-4652-4245
10078588,(주)엠엔비젼,최진욱,대구광역시 달서구 와룡로 235-1 (죽전동),이재량,053-759-3560
10233158,(주)탐시스텍,여태민,경기도 수원시 영통구 창룡대로256번길 77 (이의동),여태민,010-****-****
10234215,(주)위드라이브,여명호,인천광역시 서구 로봇랜드로 155-11 (청라동),박형순,070-4149-0165
10076838,(주)창진에스씨,최원석,경상남도 창원시 의창구 평산로 26 (팔용동) (주)창진에스씨,하수용,070-4035-2202
10076116,와프(waff),김민구,경상남도 창원시 성산구 완암로 147 (내동),김보미,055-288-0856
10063933,비디에스인포컴(주),김영수,서울특별시 금천구 가산디지털1로 204 (가산동),이중호,02-2126-8114
10088935,주식회사 영연,김기영,강원특별자치도 영월군 영월읍 팔괴로 130-40,박상은,070-8838-0730
10089650,(주)미래테크원,강창근,경상남도 창원시 마산회원구 봉암공단7길 19 (봉암동),홍승범,055-292-5440
10092552,(주)애니토이,신기수,경상남도 창원시 마산회원구 내서읍 광려천남로 59 609호,이훈희,055-346-7406
10092863,디시스,서광식,대전광역시 유성구 국제과학11로 18(둔곡동),서광식,042-932-0907
10076981,주식회사 지성솔루션컨설팅,허민,경기도 광명시 새빛공원로 67 (일직동),허민,02-2135-4509
10085974,주식회사 버넥트,하태진,서울특별시 용산구 한강대로7길 10-15 (한강로3가) 버넥트 익스피리언스센터,변지윤,070-7733-2025
10086092,(주)시즐,이지현,경기도 안양시 동안구 벌말로102번길 49(관양동) 스마트베이2 2층 일부,김태영,032-458-5520
10079511,인터텍,김두석,경상남도 창원시 의창구 차룡로48번길 44 (팔용동) 창원스마트업타워 F714호,김두석,055-251-5355
10077257,(주)인커스소프트,양원계,서울특별시 영등포구 양산로 91(당산동3가) 리드원센터 812호,양원계,02-761-6745
10077713,에스엘(주)평촌알앤디센터,김한영,경기도 안양시 동안구 시민대로327번길 28(관양동),김준택,053-746-2161
10076763,(주)이노베이스,홍준표,"서울특별시 강남구 선릉로 578, 7층 777호(삼성동, 태정빌딩)",송봉섭,02-323-7761
10080204,주식회사 제오시스,송재오,충청북도 청주시 흥덕구 봉명로 31 (복대동),송재오,070-5089-1717
10078498,주식회사 소프트넷,이장춘,"부산광역시 동구 자성로133번길 6 (범일동, 진흥 마제스타워 범일) 103동 3405호",윤민영,070-7732-0034
10064376,(주)진산인포시스,장우석,광주광역시 광산구 첨단중앙로152번길 81-10 (쌍암동) 308호,장우석,062-374-2271
10092994,에이아이엑스코리아(주),장태규,경상남도 창원시 마산회원구 봉암북7길 21 (봉암동) 3동302호,장태규,055-264-8598
10093297,(주)에스엠원,전재원,경상남도 창원시 의창구 창원대로18번길 22(팔용동) 과학기술에너지센터 1111호,민청식,055-251-7100
10093844,(주)엠에스벤터,오만석,"인천광역시 연수구 벚꽃로 130-3 (연수동, 연수푸르지오1단지)",김창열,02-1544-7120
10096558,(주)감소프트,최성열,경상북도 포항시 북구 침촌지구5길 4-1 (장성동),최정용,054-262-9140
10099971,주식회사 팀솔루션,김지인,울산광역시 중구 종가로 313 (우정동) 2201호,김지영,052-248-7009
10100094,주식회사 인그리드,윤상원,경상남도 창원시 마산회원구 봉암북7길 21 (봉암동) 5동 603호,박경채,055-715-8150
10085344,나인티시스템,이인옥,서울특별시 구로구 디지털로27길 24 (구로동),최성규,02-851-8511
10103942,티엔에스에이아이 주식회사,태석호,인천광역시 남동구 은봉로 52 (논현동),박찬준,032-834-7037
10077748,주식회사 나우리,김희영,전북특별자치도 전주시 완산구 홍산중앙로 30 (효자동3가),유선미,063-714-3440
10106745,주식회사 엠이티,장현수,경상북도 구미시 대학로 61 (양호동),이강욱,031-5183-4915
10108271,(주)콕스랩,정종수,세종특별자치시 한누리대로 312 (나성동),정윤수,070-8892-8099
10108442,나이스솔루션주식회사,박재근,서울특별시 금천구 디지털로9길 99(가산동) 스타밸리 1114호,박일호,02-2027-0077
10109185,(주)퍼즐시스템즈,김영일,서울특별시 영등포구 양평로21길 26 (양평동5가) 2406호,정준수,02-2135-1338
10231156,에이원솔루션,김경희,경기도 안양시 동안구 시민대로 161 (비산동),김경희,070-8282-5704
10231340,주식회사원오토텍,하원호,경상남도 창원시 성산구 완암로 50 (성산동),하원호,055-275-3944
10106188,모이다,김도희,부산광역시 사하구 신산로 120 (신평동),김도희,010-****-****
10077526,이든비즈텍,강명호,"서울특별시 영등포구 선유로49길 23 (양평동4가) 409호(양평동4가,선유도역2차아이에스비즈타워)",이철,02-798-1884
10078095,열림정보시스템(주),박정호,경상북도 포항시 남구 대이로60번길 4-10 (대잠동),박정호,054-285-4470
10075950,(주)엔트로정보기술,주영표,"서울특별시 금천구 가산디지털2로 53 , 1708호(가산동 한라시그마밸리)",이재한,02-6269-1340
10075999,(주)엠디아이에스,이창,부산광역시 사하구 하신번영로261번길 25 (하단동),김영미,070-4113-0901
10068811,나이스솔루션뱅크,박재근,서울특별시 금천구 디지털로9길 99 (가산동) 스타밸리 1114호,구연아,02-2027-0077
10076059,(주)케이트,이선규,부산광역시 해운대구 센텀동로 99 (재송동) 810호,김미현,051-316-8439
10063960,유니에버(주),남준모,경상북도 구미시 1공단로 212 (공단동),이성희,054-454-1820
10081947,(주)엠에프알씨,전만수,경상남도 진주시 동부로169번길 12 (충무공동) 윙스타워 A동 1208호,엄재근,055-755-7529
10075134,남경소프트,구자욱,"대구광역시 수성구 알파시티1로42길 11, 806호 (대흥동,태왕알파시티수성)",구자욱,053-655-1971
10064795,(주)컴퓨터메이트,"서상인,김성호",대구광역시 수성구 알파시티1로35길 23 (대흥동),권소영 ,053-812-3008
10072023,시너지시스템즈(주),정노영,서울특별시 구로구 디지털로33길 12 (구로동),정노영,02-862-1535
10077157,(주)티아이씨,서태곤,부산광역시 사상구 사상로 109 (감전동),서재호,070-4278-1998
10069221,(주)라임,노종호,대구광역시 달서구 달구벌대로 1158(신당동) 3층,노종호,053-261-7001
10083644,주식회사 한진에프에이에스,김영기,부산광역시 해운대구 센텀동로 71 (우동),최명숙,051-412-8644
10084975,(주)다온테크놀로지,정재성,경기도 고양시 덕양구 통일로 140 (동산동) 삼송테크노밸리 A동 B137호,오동준,070-4942-4204
10230905,(주)나무에프에이,남태호,울산광역시 북구 산하중앙2로 181 (산하동),남태호,010-****-****
10233978,티아이지코리아,허진석,서울특별시 영등포구 경인로 775 (문래동3가),박서현,02-857-5844
10234107,주식회사 하우토,최해철,경상북도 경주시 외동읍 관문로 1216-25,박지원,052-281-6833
10231642,(주)더블제이이엔씨,김주희,경상북도 구미시 산호대로 377 (공단동),문주성,010-****-****
10231790,주식회사 디엠스튜디오,권오준,부산광역시 수영구 장대골로 41 (광안동),이상동,051-627-8654
10232073,(주)망고시스템즈,하정환,경상남도 진주시 범골로54번길 30-9 (충무공동),임다혜,055-752-7095
10232908,에딤스(주),윤현숙,부산광역시 사상구 가야대로 330 (주례동),서대헌,051-964-7020
10233214,인제컴퍼니,이정율,부산광역시 강서구 과학산단1로60번길 30 (지사동),이연주,051-714-3482
10233593,주식회사 인터비전테크놀러지,조동진,서울특별시 금천구 가산디지털1로 168 (가산동),조동진,02-2026-5222
10233932,장성정보,장근섭,대전광역시 유성구 복용북로 19 (복용동),장근섭,010-****-****
10234124,주식회사 디지엔터테인먼트,백재성,대구광역시 수성구 알파시티1로42길 11 (대흥동),백재성,053-653-3511
10234172,(주)스택하이,노호영,대전광역시 유성구 가정북로 96 (장동),노호영,010-****-****
10096550,(주)디트리플,신현식,"경상북도 구미시 산호대로 253, 708호(공단동)",강예린,070-4047-8800
10097528,(주)메타뷰,김배진,경상남도 창원시 의창구 평산로 23 (팔용동) 신화테크노밸리 401호,노진송,055-222-9603
10098441,(주)노바소프트,이무상,경상북도 구미시 산동읍 첨단기업1로 17,김태훈,054-443-8541
10099396,(주)소프트원 창원지사,"김동욱,홍길준","경상남도 창원시 마산회원구 양덕서8길 6 , 1001호(석전동,보양엠비션빌) ",김진현,055-295-0094
10101381,리빈에이아이,이호준,"충청남도 천안시 서북구 천안천4길 32 (와촌동, 천안역세권 지역전략사업지원 행복주택)",이호준,041-909-9111
10103993,주식회사 티에스티이,하민진,세종특별자치시 한누리대로 1974(소담동) 3층 304호,이용진,070-299-4173
10105003,원더 솔루션즈,장원호,"경상남도 창원시 성산구 중앙대로 37(중앙동) , 5층 512호(중앙동, 경남오피스텔)",장원호,055-111-1111
10109021,주식회사 애브리,이장군,전라남도 나주시 빛가람로 746 (빛가람동),이장군,070-7668-1200
10221362,(주)아람솔루션,이준,전라북도 전주시 완산구 홍산북로 60-10 (효자동3가) 다옴빌딩 2층,정윤화,063-236-1941
10230263,주식회사 코덱스브리지,신현섭,대전광역시 서구 둔지로 11 (둔산동), 김지영,042-719-8899
10101431,주식회사 씨엠티,김정호,경상남도 양산시 유산공단8길 83-3 (유산동),김정호,055-381-9896
10231312,주식회사 아크웰,이영규,경상남도 김해시 진례면 고모로324번안길 163,이영규,055-344-3070
10231426,(주)리텍,이기범,전라북도 전주시 완산구 장교마을길 48-16 (평화동3가),이영훈,063-224-7739
10231501,주식회사 한빛테크윈,이찬명,경상북도 구미시 야은로9길 29 (봉곡동),이찬명,054-455-6218
10108275,(주)더프라임그룹,강윤아,경상북도 경산시 하양읍 지식산업4로 59,최재원,052-937-1200
10072337,(주)동서정보기술,정 성 근,경상남도 김해시 전하로161번길 10 (흥동),함형기,055-321-1515
10075956,주식회사 리엔씨소프트,최종배,울산광역시 북구 공단길 40 (효문동) 2층,최종배,052-295-5821
10085904,Bystronic(바이스트로닉코리아),최영철,인천광역시 연수구 인천타워대로 77 (송도동),전익철,055-282-0400
10081633,주식회사 코인트컴퍼니,김병복,서울특별시 금천구 가산디지털1로 205-27 (가산동),이헌구,070-8810-1170
10075759,주식회사 케이언트,배재범,서울특별시 금천구 디지털로9길 68 (가산동) 대륭포스트타워5차 1603호,배재범,02-6278-1225
10075240,주식회사 가온아이티,나필우,광주광역시 북구 첨단과기로 333 (대촌동) 생활로봇지원센터 405-1호,나필우,062-971-3990
10078182,주식회사디노,이병용,"부산광역시 부산진구 동천로 116 , 1007 (전포동, 한신밴)",이병용,051-894-7805
10088969,주식회사 씨테크시스템,"김기헌, 최일","경상남도 창원시 성산구 완암로 50 (성산동) 넥스동 411호, 707호",도진호,055-283-0185
10088911,(주)와이더,오성민,대전광역시 유성구 테크노1로 배제대학교 N211,노경석,042-719-7742
10089114,링크투어스(주),김애린,경기도 시흥시 경기과기대로 239 (정왕동),김애린,02-6949-0184
10089949,주식회사 디에이치테크,정덕균,"대전광역시 유성구 대덕대로 530, 208호 (도룡동) ",정덕균,042-345-7678
10092269,(주)썬소프트,김선아,"부산광역시 해운대구 해운대해변로 154 , 901호(우동, 마리나동원)",김형환,051-557-1513
10084626,선우아이오티,오윤식,인천광역시 미추홀구 학익소로 63 (학익동)  신동빌딩 7층,오윤식,032-322-7891
10076798,주식회사 우드앤소프트,이장현,인천광역시 서구 가석로 30 (가좌동),이장현,032-582-5333
10063987,(주)일원정보기술,심인석,대구광역시 달서구 달서대로 559 (신당동),남경태,053-600-8181
10080253,(주)티즈,최연하,경상남도 김해시 한림면 김해대로 1415-22,최연하,051-328-9083
10081500,(주)이에스테크놀로지,장은석,대구광역시 동구 팔공로 227 (봉무동) DTC 803호 ,정민석,053-744-5300
10081881,디제이메디 주식회사,신창호,경기도 고양시 일산동구 호수로 358-25 (백석동) 동문타워2차 601호,신창호,031-932-6783
10075169,라온비즈컴 주식회사,유재원,인천광역시 부평구 부평대로 293 (청천동),유용욱,070-7788-6339
10068890,(주)두손씨엔에이,남훈,대구광역시 달서구 월곡로100길 44 (월성동),전지혜,053-582-9873
10075751,더블유피솔루션즈(주),이주기,서울특별시 구로구 디지털로33길 12 (구로동),이주기,02-784-5731
10077863,썬소프트,김형환,부산광역시 해운대구 해운대해변로 154 (우동),김형환,051-557-1513
10076382,(주)솔트소프트,김재도,"울산광역시 중구 종가로 15 (다운동, 울산테크노파크) 기술혁신 A동 508호",최원영,052-247-4160
10077619,(주)에이스게이트,김시근,"서울특별시 서초구 서초대로 72, 302호 (방배동, 서창빌딩)",김도엽,02-6447-2700
10096556,주식회사 엘앤에스,정태영,경상남도 창원시 마산회원구 금강로 185(합성동) 명가빌딩 4층,정태영,055-253-9101
10100375,주식회사 이플러스,서길성,경상남도 창원시 성산구 상남로 37 (상남동),최부길,055-265-2501
10104992,주식회사 한다랩,김상민,"대전광역시 유성구 대학로179번길 7-12(궁동), 대전스타트업파크 D3, 201호",추병한,043-268-9901
10103974,주식회사 아이커넥트,김혜영,대구광역시 북구 대학로 80(산격동) 경북대학교 창업보육센터 402호,정원일,070-5224-0564
10108027,(주)미래아이앤티,김진석,경기도 안산시 단원구 광덕3로 145-5(고잔동) 306-32호,김진석,070-4036-8450
10220910,(주)웨이스,방동걸,전북특별자치도 전주시 덕진구 오공로 123 (만성동),방동걸,070-7766-9915
10095351,(주)로보원,이옥희,부산광역시 강서구 미음산단로403번길 7 (미음동),이영철,051-622-0412
10232145,주식회사 코드기어,김대유,대전광역시 유성구 노은로 144 (지족동),김대유,010-****-****
10232562,주식회사 다인랩,강성환,대전광역시 서구 청사로 148 (둔산동),이광문,042-488-9302
10108944,(주)스칼라웍스,신용선,"서울특별시 금천구 가산디지털2로 70(가산동) , 1310호",신수민,02-6956-3946
10234097,웨이브에이아이,박민호,광주광역시 북구 첨단과기로208번길 6 (오룡동),이준수,010-****-****
10075317,주식회사 한성데이타시스템,김호걸,부산광역시 강서구 낙동북로 172 (대저1동),최순기,051-941-1124
10077975,(주)엠아이티,민병수,울산광역시 남구 테크노산업로55번길 90 (두왕동) 3층,김범진,052-708-0104
10076123,국제전산개발,배병수,"부산광역시 남구 자성로 152(문현동, 한일오피스텔 1001호)",이성용,051-466-2402
10077207,엔포스 주식회사,장병호,경상남도 창원시 성산구 완암로 50 (성산동) SK테크노파크 넥스동 806호,왕지은,055-716-2600
10082326,주식회사 루텍,이장휘,서울특별시 서초구 강남대로16길 14-2 (양재동),서동준,02-2088-1461
10076030,(주)알에프엑스소프트,박경원,경기도 안양시 동안구 벌말로 126 (관양동) 오비즈타워 1908호,박경원,031-421-8603
10086019,제르메스,정명규,부산광역시 강서구 유통단지1로 41 (대저2동),정명규,051-711-2356
10073447,(주)엔소프트,최대현,울산광역시 남구 돋질로 95 (신정동),김희현,052-260-5535
10001016,(주)아프로,최광석,"광주광역시 북구 서하로 87-5, 301호(매곡동,지안빌딩)",최현석,062-512-8112
10065914,아이비에스,백병석,대전광역시 유성구 테크노2로 187 (용산동) 미건테크노 월드 2차 513호,이희원,042-671-9100
10082086,(주)나온웍스,이준경,서울특별시 구로구 디지털로 271 (구로동) 7층 711호,윤용관,02-2025-1630
10076073,(주)엔씨씨,장성대,대전광역시 유성구 테크노2로 187 (용산동),하연태,042-935-0117
10233046,코너스,김동오,서울특별시 성동구 상원1길 26 (성수동1가),박순,02-518-1047
10233467,주식회사 원테크,신승환,경상남도 진주시 동부로169번길 12 (충무공동),신승환,010-****-****
10097133,모비어스 주식회사,백준호,"서울특별시 강남구 테헤란로 326 (역삼동,태보역삼아이타워), 4층",정유진,010-****-****
10234115,(주)제론소프트엔,송창민,경기도 과천시 관문로 92 (중앙동),원민식,070-7764-0100
10063955,(주)쌍용소프트웨어,이용재,"광주 서구 전평길 28,101호 (S-Tower 2층)",노수란,062-716-5671
10075893,(주)알앤디프로젝트,최남현,대전광역시 서구 둔산대로117번길 44 (만년동),최보영,042-862-1090
10063969,정우하이테크,박선우,대구 북구 산격동 505-7 소프트웨어벤처타워 506호,윤혜지,053-939-9842
10076844,(주)지니어스,이성희,서울특별시 영등포구 양평로21길 26 (양평동5가),유수연,15440914
10091982,리얼타임테크,진성일,대전광역시 유성구 배울1로 283 (탑립동),이영기,042-939-8804
10092731,(주)세종,정혜정,충청북도 청주시 청원구 내수읍 학평풍정길 33,한승수,070-4457-7327
10099459,주식회사 엔터인,이종한,"대구광역시 수성구 알파시티1로 115, 504호 (대흥동)",이혜정,053-219-1991
10100938,런시스(주),김배성,서울특별시 구로구 디지털로26길 111 (구로동),정현덕,050-2600-0502
10103249,코리아솔루션,장주용,대구광역시 서구 와룡로65길 28 (중리동),장주용,070-7954-3458
10104195,(주)인투와이즈,표철식,대전광역시 유성구 가정로 218 (가정동),김내수,042-335-8785
10221371,한영디에스 주식회사,황영포,"서울특별시 강서구 공항대로 103 (마곡동, 마곡 엠밸리 9단지) 업무시설동 3층 309호",류성수,02-2666-7730
10078220,(주)아이피에스오토,권지훈,"경상북도 경산시 삼풍로 27(삼풍동) 2307호(삼풍동, 글로벌벤처동)",류삼선,053-262-2242
10075970,(주)해솔정보기술,김석연,"대구광역시 서구 와룡로 307, 725호 (중리동, 대구디센터1976 지식산업센터)",김석연,053-218-0201
10076841,(주)이젠솔루션,이미숙,대구광역시 북구 유통단지로8길 116 (산격동) 이젠빌딩3층,김은애,16882639
10074842,알엠텍주식회사,정대의,광주광역시 북구 첨단과기로 226 (오룡동) 전자부품연구원 사업화지원동 222호,김근옥,062-975-7470
10077285,에이원정보기술(주),정형욱,경상남도 창원시 성산구 완암로 50 (성산동),정형욱,055-263-6601
10076770,(주)피스티스,최병열,인천광역시 연수구 갯벌로145번길 15-6 (송도동),차 휘,032-216-2828
10076041,세븐솔류션즈,정택진,서울특별시 금천구 가산디지털2로 143 (가산동),정택진,02-586-8470
10074808,(주)동연에스엔티,김문섭,부산광역시 동래구 온천장로107번길 10 (온천동),박순태,051-550-5068
10065276,솔바테크놀러지,양해수,서울특별시 금천구 가산디지털2로 184 (가산동),임연주,02-862-4975
10085061,주식회사 세인티,황재하,경기도 남양주시 다산지금로163번길 6 (다산동),최아인,02-6956-3035
10085395,주식회사 피드원,강치원,대구광역시 남구 중앙대로22길 267 (봉덕동),김대현,053-573-9002
10081778,위미르(주),김영주,"경상남도 창원시 마산회원구 봉암북7길 21, 3동 601호 (봉암동, 정보산업진흥본부)",김영주,055-299-6652
10063973,(주)삼일정보시스템,이권형,광주 광산구 도천동 621-15 중소기업지원센터 6층,이권형,062-959-0031
10088376,클래드코리아 주식회사,이유철,경상북도 포항시 남구 대송로101번길 57 (장흥동),이유철,070-8290-6401
10089238,지오지에스 주식회사,이봉균,경상남도 거제시 연초면 송정5길 112-8 ,이재윤,055-638-2593
10079812,MSTECH,최상일,대구광역시 달서구 성서공단로51길 48 (장동),최상일,010-****-****
10232289,(주)위즈팩토리,배흥열,경상남도 창원시 의창구 창원대로18번길 46 (팔용동),조정식,055-715-7737
10232193,주식회사 웅지테크,노기덕,충청남도 아산시 인주면 인주로 304-23,한승완,041-546-7306
10233459,(주)이엠에스,이한찬,인천광역시 남동구 은봉로 297 (논현동),정채윤,010-****-****
10234064,디토닉(주),전용주,경기도 성남시 분당구 서현로 200 (서현동),김유정,010-****-****
10101163,(주)케이원아이티,김관철,부산광역시 사하구 신산로 120 (신평동),김관철,070-4741-3777
10090746,(주)에이치엔티,김태한,"경상북도 경산시 진량읍 대구대로 201, 산학협력단 R&DB 센터 1114호",김태한,053-851-8592
10104326,(주)휴컨,강대근,대구광역시 동구 동대구로 465 (신천동),장의천,053-341-2613
10108255,(주)심플소프트랩,최귀석,"경상남도 김해시 우암로 175(내동), A동 211호(내동, 김해법조타운) (주)심플소프트랩",최귀석,055-724-2992
10221173,건영기계,이성훈,대구광역시 달서구 성서공단로50길 21 (월암동),류민영,053-256-8686
10231440,주식회사 래딕스,민광식,대구광역시 달성군 구지면 국가산단서로71길 97,임준택,053-585-5243
10078310,그린아이티,박정훈,대구광역시 남구 명덕로 104 (대명동) 전문관 615호,박정훈,070-8835-2188
10090296,(주)쿠노소프트,조장관,서울특별시 성북구 안암로 145 (안암동5가) 고려대학교 산학관,김준회,02-3291-2200
10090914,티쓰리큐(주),박병훈,서울특별시 구로구 디지털로30길 28(구로동) 마리오타워 603호,김세일,02-6344-7665
10094700,다임리서치,장영재,서울특별시 서초구 반포대로28길 20 (서초동),권성오,010-****-****
10072375,주식회사화인소프트,강현식,서울특별시 구로구 디지털로33길 50 (구로동) 1204호,김현배,02-458-0043
10075821,주식회사 지앤씨소프트코리아,권광칠,광주광역시 북구 첨단과기로208번길 43-22(오룡동) 와어이스파크(지식산업센터) B동 1701호,경일선,062-714-1194
10081659,알고스,조승혁,전북특별자치도 전주시 덕진구 반룡로 109 (팔복동2가),조승혁,063-717-5597
10077435,엔에이치아이에스 주식회사,노헌진,"광주광역시 서구 천변좌하로 266, 401호 (치평동)",최원석,062-511-1663
10231535,엠시스랩,"김형원,정성우","충청북도 청주시 서원구 충대로 1 (개신동, 충북대학교)",박태미,010-****-****
10077589,테크와이드(주),김광우,서울특별시 금천구 디지털로10길 78 (가산동),김광우,02-6224-7945
10004858,(주)디엠테크놀러지,조창제,대구광역시 달성군 구지면 국가산단대로33길 245,조창제,070-4376-4227
10078127,(주)티지에스컨설팅,정호모,부산광역시 해운대구 해운대해변로 203 (우동) 오션타워 1330호,김용백,051-711-5860
10085417,(주)명문소프트웨어,김경애,경기도 고양시 일산동구 무궁화로 39 (장항동),신덕항,070-5566-0900
10078827,(유)에이블에스티에이,이경석,"전라북도 전주시 완산구 홍산로 269, 3F-321 (효자동2가)",이경석,05056064004
10087830,주식회사 에이치아이디,정승일,경기도 부천시 삼작로 22 (삼정동) 101동908호(삼정동 부천테크노파크 1차),이진우,032-327-1410
10095138,주식회사 비즈코퍼레이션,배인식,부산광역시 강서구 대저로63번길 30 (대저1동),정현기,051-912-0025
10101311,주식회사 큐오,박휘명,경기도 광주시 고불로46번길 32(중대동),박휘명,031-704-9096
10097720,스마트쿱(주),이역수,서울특별시 금천구 두산로 70 (독산동),유미림,02-548-6969
10064780,굿파트너스(주),김형필,전북특별자치도 전주시 덕진구 만성북로 51-25 (만성동),김형필,063-211-0285
10078158,세종뉴텍 주식회사,오세종,경기도 고양시 덕양구 청초로 66 (덕은동),오세종,032-218-7500
10076441,(주)에이치알티시스템,김만구,대구광역시 북구 3공단로 140-1 (노원동3가),김만구,053-553-0995
10097132,(주)아이티기술,정태영,서울특별시 송파구 법원로4길 5 (문정동),정태영,02-421-0571
10004808,(주)이노텍,조규삼,경상남도 창원시 성산구 연덕로27번길 52 (웅남동),권동훈,055-275-0274
10230307,(주)더모인비,이원길,서울특별시 강서구 공항대로 303 (등촌동),이원길,02-2604-6807
10087212,(주)에스엔제이솔루션,송성빈,"광주광역시 북구 첨단과기로 333 (대촌동), 생활지원로봇센터 405호",송성빈,062-972-4865
10088481,(주)티알,윤찬필,경상남도 김해시 장유로55번길 43-32 (부곡동),명대욱,055-321-7047
10089959,주식회사 쓰리데이즈,안종윤,"서울특별시 서초구 강남대로37길 49 (서초동), 4층, 490호(서초동, 애서니움빌딩)",안종윤,02-2060-6888
10090211,(주)위드아이티,정진호,대구광역시 수성구 화랑로 204 (만촌동) 동문빌딩5층,정진호,053-944-0936
10091093,주식회사 디코,황준철,"충청남도 천안시 서북구 성거읍 오목모전길 56-13, 주식회사 디코",황준철,041-414-8051
10064006,(주)비엔씨정보기술,박병길,부산광역시 금정구 금강로 682-10 (남산동) IT밸리 4층,송경훈,051-518-4071
10074925,가온소프트(주),송정훈,"경상남도 창원시 마산회원구 봉암공단 13길 15-13, 나래관 3층",최지훈,055-231-7707
10085331,(유)인터테크,신동옥,전라남도 목포시 석현로 46 (석현동) 문화산업지원센터 204호,손민우,061-287-0046
10077203,에이치엠씨,조현숙,"서울특별시 강서구 마곡중앙4로 18, (마곡동, 마곡그랑트윈타워) 제B동 605호",백한승,02-6956-6433
10075809,피디엠테크,서정진,대구광역시 달서구 달서대로 559 (신당동),공기훈,053-710-5322
10077327,솔뱅크정보주식회사,홍승환,서울특별시 금천구 디지털로 121 (가산동),홍승환,070-7711-9988
10099044,(주)홍익솔브,김유호,광주광역시 광산구 평동산단로143번길 52 (월전동),김현승,070-7760-1122
10104027,주식회사 애드아임,이희관,전라북도 전주시 덕진구 유상로 67 (팔복동2가),이희관,063-219-0302
10233979,(주)씨소,"강병두, 경동욱",서울특별시 강서구 양천로 424 (등촌동),강혜진,02-6243-0102
10074775,(주)코티스,김철하,부산광역시 금정구 두실로 25 (구서동) 2층,김철하,051-581-3369
10064028,(주)와이드티엔에스,조정래,서울 금천구 가산동 대륭테크노타운12차 12층,조용석,02-2029-7186
10091157,(주)엘렉시,서장원,서울특별시 송파구 법원로8길 8 (문정동),최승구,070-7733-5615
10096509,(주)앰플소프트,전원현,광주광역시 북구 일곡마을로152번길 3-8(일곡동) 1층,전원현,070-7835-1811
10220869,주식회사 오토,윤정열,"대구광역시 남구 효서2길 7 (봉덕동, 태성맨션) 102동 905호",윤정열,053-472-5283
10108113,(주)다윈솔루션,채수문,서울특별시 금천구 가산디지털2로 169-23 (가산동),채수문,02-6264-1723
10076404,(주)이즈소프트,강창국,대구광역시 동구 공항로56길 5 (지저동),강창국,053-743-8235
10078551,(주)에이치지씨,김태현,대구광역시 달서구 성서서로40길 8 (갈산동),김태현,070-5102-8366
10079166,(주)프렉소프트,민동현,광주광역시 북구 첨단과기로208번길 43-22(오룡동) B동 601호,민동현,062-412-8349
10080529,경동로봇,윤정임,대구광역시 북구 3공단로25길 16 (노원동3가),김석봉,053-351-2749
10076148,주식회사 상동,신상철,대구광역시 서구 문화로 22-18 (이현동),최명희,053-592-1940
10080978,굿티소프트,남경필,"대구광역시 중구 달구벌대로 2020(남산동 3016, e편한세상(오) 남산) 301/1501",남경필,070-8811-4537
10069082,레이월드,류지창,대구광역시 동구 매여로1길 37-12(상매동),류지창,053-954-3744
10076050,주식회사 나이스테크,정광남,서울특별시 금천구 가산디지털1로 128(가산동) 에스티엑스브이타워 512호,이용진,02-855-2377
10233224,주식회사 아키테크,유지영외 1명,경상북도 영천시 금호읍 대구대길 333,이경환,010-****-****
10232427,주식회사 이글이비전,방수온,광주광역시 북구 첨단과기로 123 (오룡동),방수온,070-8892-3227
10230468,씨엔티,이대엽,울산광역시 중구 동천1길 40 (서동),이대엽,052-700-5877
10095051,한텍,이진국,경상남도 창원시 의창구 대산면 가술산단남로 72,오동윤,055-345-2731
10230267,(주)에스지소프트,서우혁,대구광역시 달서구 성서공단로 328 (월성동),박대석,053-593-1005
10234038,리먼,임영웅,경기도 화성시 메타폴리스로 42 (반송동),임영웅,010-****-****
10096130,주식회사 이지엠,김창렬,전라남도 광양시 광양읍 익신산단3길 40,하명우,055-757-8220
10103516,에이닷 주식회사,신현수,대구광역시 동구 경안로 850 (각산동),신현수,053-322-8221
10104563,아리아리ICT,박퇴경,경상남도 창원시 진해구 장복대로 171(자은동) 다온빌딩405호,박퇴경,055-713-2451
10063929,(주)아이씨엔아이티,김 은수,서울특별시 구로구 디지털로33길 12 (구로동),임병윤,02-855-2500
10084210,대웅소프트(주),박재훈,대구광역시 달서구 월곡로100길 14 (월성동) 대웅소프트(주),박재훈,053-356-8999
10078528,OK버원시스템,신종호,경상남도 양산시 북정5길 33 (북정동) 1층 101호,신종호,055-383-2270
10074835,주식회사에이피씨소프트,김경재,인천광역시 연수구 송도과학로 32(송도동),이우용,032-214-0061
10082689,주식회사 평화아이씨티,김명곤,경기도 남양주시 순화궁로 249(별내동) N동 712호,김명곤,031-557-6847
10081203,(주)에스큐솔루션,김용운,경기도 화성시 동탄지성로 11 (반송동) 1235호,김세운,031-215-3970
10084638,주식회사 이엠에스,장석환,부산광역시 사상구 사상로 57-7 (주례동),장석환,051-315-6013
10077511,가후자동화기술 주식회사,박우순 ,"경기도 안양시 동안구 엘에스로 76 (호계동) 가동 601호(호계동, 안양국제유통단지 디오밸리)",박상헌,031-479-4760
10074849,(주)디엘정보기술,박수철,"충청북도 청주시 흥덕구 직지대로436번길 76(송정동), 직지스마트타워 1308~1311",강진선,043-217-7004
10069358,(주)우리이노베이션,김태형,"대구광역시 달서구 당산로41서길 18 (감삼동), 우리빌딩501호",박상혁,053-1577-4750
10077407,(주)신일이앤씨,최문홍,대구광역시 중구 태평로 113-45 (태평로3가),이병목,053-665-8755
10080970,수테크,이성국,대구광역시 달서구 성서서로 233 (신당동) 수테크,최현용,053-583-2599
10069072,해솔정보시스템(주),한갑수,경기도 수원시 권선구 구운로63번길 56-1 (구운동),한갑수,031-296-2270
10082361,주식회사유유랑컴퍼니,박종진,충청남도 아산시 염치읍 은행나무길215번길 9,박종욱,041-567-3848
10063989,(주)성원정보기술,송성호,대구광역시 달성군 다사읍 대실역남로2길 20-6 성원빌딩3층,장창섭,053-591-2331
10076709,(주)아이디알시스템,최보규,대구광역시 달성군 유가읍 테크노순환로8길 9,최보규,053-580-1899
10099806,(주)니어네트웍스,이복동,대구광역시 달서구 장기로 58 (성당동),이복동,070-4220-8520
10103185,모던에이아이비전솔루션,김희원,충청북도 청주시 서원구 무심서로 377-3(모충동) 창의관 105호,김희원,043-296-5326
10103075,쿠라고아시아(주),송승근,경상남도 창원시 의창구 용동로 85(사림동) 한마음빌딩 905호,전익철,055-282-0400
10105929,동원테크(주),박기태,대구광역시 북구 검단공단로 82-20(검단동),박정은,053-383-4684
10080299,미르텍주식회사,박승용,대구광역시 달서구 성서동로 297 (장기동),박승용,053-591-0081
10233636,스윗에이아이(주),장창섭,대구광역시 동구 동대구로 475 (신천동),장창섭,010-****-****
10234031,빛가람정보(주),이미영,전라남도 나주시 빛가람로 747 (빛가람동),김영대,010-****-****
10077397,(주)드림테크,정연오,전라남도 목포시 석현로 46 (석현동),정연오,061-285-7598
10077861,아우시스템(주),최희철,서울특별시 금천구 가산디지털2로 101 (가산동),백인석,02-2101-2080
10082705,주식회사 린치핀,현지연,"부산광역시 사하구 낙동대로550번길 37, s14-119 (하단동, 동아대학교) ",송창섭,051-292-8571
10088134,주식회사 지니어,김지홍,"대구광역시 중구 재마루길 77 (남산동, 남산롯데캐슬 센트럴스카이)",김지홍,053-256-3003
10091364,(주)러닝비전,이광준,대구광역시 달서구 성서공단로11길 62 (호산동) 대구융합R&D센터 731호,신상원,053-588-7088
10095397,데네브시스템즈,변총조,대구광역시 북구 노원로 75 (노원동3가),변총조,053-474-9877
10076248,(주)센소프트,안대인,"전라북도 전주시 덕진구 유상로 67, 607호(여의동, 전주첨단벤처단지 전주혁신창업허브)",안대인,063-255-4452
10078362,주식회사 모은정보기술,전성완,울산광역시 북구 명촌20길 16-2 (진장동) 2/3층,안원희,052-289-0924
10089929,(주)굿케이소프트,김진한,서울특별시 금천구 가산디지털2로 169-16 (가산동),김진한,02-2038-3186
10231078,주식회사 노드블랙,김상동,대구광역시 달서구 송현로 205 (본동),박성환,010-****-****
10085643,필리퍼,박정문,대구광역시 북구 팔달북로2길 14 (노원동3가),김종훈,053-356-0426
10233352,주식회사 디엑스플랫폼,서정진,대구광역시 달서구 성서서로 142 (갈산동),서동관,053-1899-0363
10232667,(주)노트랩,오영환,대구광역시 수성구 알파시티1로 160 (대흥동),오영환,053-710-4800
10231771,주식회사 오션라이트에이아이,박해광,대구광역시 동구 동대구로 465 (신천동),서태우,053-322-7774
10233557,주식회사 티엑스알로보틱스 부산,엄인섭,부산광역시 강서구 미음국제8로 19 (생곡동),박소정,010-****-****
10233945,(주)베스트이엔씨,백종설,서울특별시 금천구 가산디지털1로 75-24 (가산동),백종설,02-6335-1234
10075330,(주)웅진,이수영,서울특별시 중구 청계천로 24(다동) 케이스퀘어시티 6층~9층,민별희,02-2076-4655
10091373,(주)케이씨에스,김병규,경상남도 창원시 성산구 대암로171번길 41 (대방동),정우철,055-266-2582
10072420,(주)이지오토메이션,전주성,경기도 군포시 엘에스로 186 (산본동),고현진,031-349-6695
10065527,삼미정보시스템,김명조,경상남도 창원시 성산구 창이대로663번길 13 (사파동),이태욱,055-264-5151
10096511,디에스테크,조동완,경상남도 창원시 의창구 차룡로48번길 44 (팔용동),이숙영,055-253-5553
10063963,제이디텍주식회사,박종기,광주광역시 북구 첨단벤처로16번길 9 (대촌동),주윤식,062-364-0177
10107509,(주)더이앤비,권오섭,서울특별시 강남구 선릉로76길 4 (대치동),한혜원,02-558-3603
10231301,주식회사 파스이엔지,김종태,광주광역시 광산구 평동로803번안길 93-9 (용동),김규식,062-954-5778
10074811,(주)에스비아이티,최만호,"부산광역시 동래구 온천천로253번길 14 (수안동) , 9층",최찬호,051-518-3373
10231360,주식회사 칼만텍,최재환,경기도 안양시 동안구 엘에스로 142 (호계동),김미경,010-****-****
10231476,주식회사 디엔지니어,박명호,충청남도 아산시 탕정면 용머리길 40,박명호,010-****-****
10233881,콕스스페이스,김호연,경기도 성남시 수정구 대왕판교로 815 (시흥동),김호연,031-778-6465
10077418,(주)삼인시스템,이장영,대구광역시 달서구 문화회관길 165 (장기동),김병수,053-242-4460
10077284,솔루션코리아(주),김주문,대구광역시 북구 대불로 47 (산격동),김다희,070-7712-6680
10077940,주식회사 아이프리즘,한용일,충청북도 청주시 청원구 오창읍 각리가곡로 647,김은영,043-218-0242
10089782,에스비솔루션(주),이수임,"대구광역시 달성군 다사읍 세천로3길 111, 4층",김재웅,053-230-3781
10233915,(주)모지션,전성범,경기도 안양시 동안구 벌말로 66 (관양동),이병도,031-389-9995
10231707,주식회사 유니크,"안영구, 안정구",경상남도 김해시 진영읍 서부로179번길 90,전병근,055-340-2735
10086407,알리코,조광일,경기도 군포시 엘에스로182번길 22 (산본동),김정대,031-427-4071
10077711,(주)블루컴,이상민,부산광역시 남구 수영로 312 (대연동),박해만,051-466-8398
10108711,주식회사 비비티에이아이코리아,장유성,서울특별시 강남구 봉은사로18길 85(역삼동) 아트리아 1층 비비티에이아이코리아,조현,070-7759-7171
10082141,디지탈체인 주식회사,박진우,경상남도 창원시 성산구 원이대로 320 (대원동),손태익,02-856-3223
10231152,아와소프트,김양수,경기도 성남시 수정구 창업로 43 (시흥동),김춘일,031-698-4166
10232637,액티베이스,홍진표,전북특별자치도 김제시 동서로 79 (교동),홍진표,010-****-****
10102731,에이블아이엔티,박경규,경상남도 창원시 마산회원구 내서읍 함마대로 2640  마산대학교 9호관 306호,박경규,055-231-6924
10064000,(주)보강시스템,이안수,"대구광역시 달서구 달서대로 559 (신당동, 이앤씨이노비즈타워 6층 604호)",이상철,053-558-5080
10075698,지음소프트,남정훈,전라북도 완주군 삼례읍 삼봉로 157-9,남정훈,063-714-2401
10233447,동방계전,김순식,경상북도 경주시 양남면 동남로 456-6,김순식,010-****-****
10233877,(주)제이씨티,송종찬,경상남도 함안군 칠북면 북원로 153-123,김종우,055-587-1231
10233277,펙콘(주),임지혜,경기도 안양시 만안구 일직로94번길 28 (석수동),임지연,070-4472-4926
10233793,엔아이소프트(주),김낙일,서울특별시 동작구 상도로 369 (상도동),김낙일,010-****-****
10233341,진영시스템즈,이창환,울산광역시 남구 갈밭로 24 (삼산동),이창환,052-271-1110
10233922,선일기전(주),이안균,대구광역시 동구 둔산로40길 31 (방촌동),이영민,010-****-****
10089710,(주)프린팅웍스,조완준,서울특별시 금천구 가산디지털2로 169-16 (가산동),조완준,02-6968-1500
10233132,주식회사 에코페이스,윤금란,경상북도 구미시 송동로 68-15 (도량동),신용무,054-464-1606
10233884,(주)에스티앤아이,김희창,대구광역시 수성구 알파시티1로40길 14 (대흥동),김희창,070-4254-1234
10232798,(주)커리어넷,이호준,서울특별시 구로구 디지털로 273 (구로동),이현성,2006-9560
10233738,(주)에너제닉,임관숙,부산광역시 동래구 아시아드대로246번길 17 (온천동),강대원,051-504-0806
10231209,(주)아산성우하이텍,조성현,충청남도 아산시 신창면 서부남로 591,신규석,070-7477-6028
10093667,주식회사 한국미래에너지,조정민,부산광역시 강서구 명지국제2로28번길 8 (명지동) 더프라임 608호,강정우,070-5223-4616
10086281,(주)넥스트랩,김성민,서울특별시 강남구 선릉로90길 40 (대치동),이서빈,02-6318-5000
10233822,주식회사 블루필,박광호,서울특별시 강남구 테헤란로 217 (역삼동),박광호,010-****-****
